Id,ActivityDate,DayOfTheWeek,TotalSteps,TotalDistance,TrackerDistance,LoggedActivitiesDistance,VeryActiveDistance,ModeratelyActiveDistance,LightActiveDistance,SedentaryActiveDistance,VeryActiveMinutes,FairlyActiveMinutes,LightlyActiveMinutes,SedentaryMinutes,TotalActiveMinutes,Calories
1503960366,4/12/16,Tue,13162,8.5,8.5,0,1.879999995,0.550000012,6.059999943,0,25,13,328,728,366,1985
1503960366,4/13/16,Wed,10735,6.96999979,6.96999979,0,1.570000052,0.689999998,4.710000038,0,21,19,217,776,257,1797
1503960366,4/14/16,Thu,10460,6.739999771,6.739999771,0,2.440000057,0.400000006,3.910000086,0,30,11,181,1218,222,1776
1503960366,4/15/16,Fri,9762,6.28000021,6.28000021,0,2.140000105,1.25999999,2.829999924,0,29,34,209,726,272,1745
1503960366,4/16/16,Sat,12669,8.159999847,8.159999847,0,2.710000038,0.409999996,5.039999962,0,36,10,221,773,267,1863
1503960366,4/17/16,Sun,9705,6.480000019,6.480000019,0,3.190000057,0.779999971,2.50999999,0,38,20,164,539,222,1728
1503960366,4/18/16,Mon,13019,8.590000153,8.590000153,0,3.25,0.639999986,4.710000038,0,42,16,233,1149,291,1921
1503960366,4/19/16,Tue,15506,9.880000114,9.880000114,0,3.529999971,1.320000052,5.03000021,0,50,31,264,775,345,2035
1503960366,4/20/16,Wed,10544,6.679999828,6.679999828,0,1.960000038,0.479999989,4.239999771,0,28,12,205,818,245,1786
1503960366,4/21/16,Thu,9819,6.340000153,6.340000153,0,1.340000033,0.349999994,4.650000095,0,19,8,211,838,238,1775
1503960366,4/22/16,Fri,12764,8.130000114,8.130000114,0,4.760000229,1.120000005,2.24000001,0,66,27,130,1217,223,1827
1503960366,4/23/16,Sat,14371,9.039999962,9.039999962,0,2.809999943,0.870000005,5.360000134,0,41,21,262,732,324,1949
1503960366,4/24/16,Sun,10039,6.409999847,6.409999847,0,2.920000076,0.209999993,3.279999971,0,39,5,238,709,282,1788
1503960366,4/25/16,Mon,15355,9.800000191,9.800000191,0,5.289999962,0.569999993,3.940000057,0,73,14,216,814,303,2013
1503960366,4/26/16,Tue,13755,8.789999962,8.789999962,0,2.329999924,0.920000017,5.539999962,0,31,23,279,833,333,1970
1503960366,4/27/16,Wed,18134,12.21000004,12.21000004,0,6.400000095,0.409999996,5.409999847,0,78,11,243,1108,332,2159
1503960366,4/28/16,Thu,13154,8.529999733,8.529999733,0,3.539999962,1.159999967,3.789999962,0,48,28,189,782,265,1898
1503960366,4/29/16,Fri,11181,7.150000095,7.150000095,0,1.059999943,0.5,5.579999924,0,16,12,243,815,271,1837
1503960366,4/30/16,Sat,14673,9.25,9.25,0,3.559999943,1.419999957,4.269999981,0,52,34,217,712,303,1947
1503960366,5/1/16,Sun,10602,6.809999943,6.809999943,0,2.289999962,1.600000024,2.920000076,0,33,35,246,730,314,1820
1503960366,5/2/16,Mon,14727,9.710000038,9.710000038,0,3.210000038,0.569999993,5.920000076,0,41,15,277,798,333,2004
1503960366,5/3/16,Tue,15103,9.659999847,9.659999847,0,3.730000019,1.049999952,4.880000114,0,50,24,254,816,328,1990
1503960366,5/4/16,Wed,11100,7.150000095,7.150000095,0,2.460000038,0.870000005,3.819999933,0,36,22,203,1179,261,1819
1503960366,5/5/16,Thu,14070,8.899999619,8.899999619,0,2.920000076,1.080000043,4.880000114,0,45,24,250,857,319,1959
1503960366,5/6/16,Fri,12159,8.029999733,8.029999733,0,1.970000029,0.25,5.809999943,0,24,6,289,754,319,1896
1503960366,5/7/16,Sat,11992,7.710000038,7.710000038,0,2.460000038,2.119999886,3.130000114,0,37,46,175,833,258,1821
1503960366,5/8/16,Sun,10060,6.579999924,6.579999924,0,3.529999971,0.319999993,2.730000019,0,44,8,203,574,255,1740
1503960366,5/9/16,Mon,12022,7.71999979,7.71999979,0,3.450000048,0.529999971,3.74000001,0,46,11,206,835,263,1819
1503960366,5/10/16,Tue,12207,7.769999981,7.769999981,0,3.349999905,1.159999967,3.25999999,0,46,31,214,746,291,1859
1503960366,5/11/16,Wed,12770,8.130000114,8.130000114,0,2.559999943,1.00999999,4.550000191,0,36,23,251,669,310,1783
1503960366,5/12/16,Thu,0,0,0,0,0,0,0,0,0,0,0,1440,0,0
1624580081,4/12/16,Tue,8163,5.309999943,5.309999943,0,0,0,5.309999943,0,0,0,146,1294,146,1432
1624580081,4/13/16,Wed,7007,4.550000191,4.550000191,0,0,0,4.550000191,0,0,0,148,1292,148,1411
1624580081,4/14/16,Thu,9107,5.920000076,5.920000076,0,0,0,5.909999847,0.01,0,0,236,1204,236,1572
1624580081,4/15/16,Fri,1510,0.980000019,0.980000019,0,0,0,0.970000029,0,0,0,96,1344,96,1344
1624580081,4/16/16,Sat,5370,3.49000001,3.49000001,0,0,0,3.49000001,0,0,0,176,1264,176,1463
1624580081,4/17/16,Sun,6175,4.059999943,4.059999943,0,1.029999971,1.519999981,1.49000001,0.01,15,22,127,1276,164,1554
1624580081,4/18/16,Mon,10536,7.409999847,7.409999847,0,2.150000095,0.620000005,4.619999886,0.01,17,7,202,1214,226,1604
1624580081,4/19/16,Tue,2916,1.899999976,1.899999976,0,0,0,1.899999976,0,0,0,141,1299,141,1435
1624580081,4/20/16,Wed,4974,3.230000019,3.230000019,0,0,0,3.230000019,0,0,0,151,1289,151,1446
1624580081,4/21/16,Thu,6349,4.130000114,4.130000114,0,0,0,4.110000134,0.02,0,0,186,1254,186,1467
1624580081,4/22/16,Fri,4026,2.619999886,2.619999886,0,0,0,2.599999905,0,0,0,199,1241,199,1470
1624580081,4/23/16,Sat,8538,5.550000191,5.550000191,0,0,0,5.539999962,0.01,0,0,227,1213,227,1562
1624580081,4/24/16,Sun,6076,3.950000048,3.950000048,0,1.149999976,0.910000026,1.889999986,0,16,18,185,1221,219,1617
1624580081,4/25/16,Mon,6497,4.21999979,4.21999979,0,0,0,4.199999809,0.02,0,0,202,1238,202,1492
1624580081,4/26/16,Tue,2826,1.840000033,1.840000033,0,0,0,1.830000043,0.01,0,0,140,1300,140,1402
1624580081,4/27/16,Wed,8367,5.440000057,5.440000057,0,1.110000014,1.870000005,2.460000038,0,17,36,154,1233,207,1670
1624580081,4/28/16,Thu,2759,1.789999962,1.789999962,0,0,0.200000003,1.600000024,0,0,5,115,1320,120,1401
1624580081,4/29/16,Fri,2390,1.549999952,1.549999952,0,0,0,1.549999952,0,0,0,150,1290,150,1404
1624580081,4/30/16,Sat,6474,4.300000191,4.300000191,0,0.899999976,1.279999971,2.119999886,0.01,11,23,224,1182,258,1655
1624580081,5/1/16,Sun,36019,28.03000069,28.03000069,0,21.92000008,4.190000057,1.909999967,0.02,186,63,171,1020,420,2690
1624580081,5/2/16,Mon,7155,4.929999828,4.929999828,0,0.860000014,0.589999974,3.470000029,0,7,6,166,1261,179,1497
1624580081,5/3/16,Tue,2100,1.370000005,1.370000005,0,0,0,1.340000033,0.02,0,0,96,1344,96,1334
1624580081,5/4/16,Wed,2193,1.429999948,1.429999948,0,0,0,1.419999957,0,0,0,118,1322,118,1368
1624580081,5/5/16,Thu,2470,1.610000014,1.610000014,0,0,0,1.580000043,0.02,0,0,117,1323,117,1370
1624580081,5/6/16,Fri,1727,1.120000005,1.120000005,0,0,0,1.120000005,0.01,0,0,102,1338,102,1341
1624580081,5/7/16,Sat,2104,1.370000005,1.370000005,0,0,0,1.370000005,0,0,0,182,1258,182,1474
1624580081,5/8/16,Sun,3427,2.230000019,2.230000019,0,0,0,2.220000029,0,0,0,152,1288,152,1427
1624580081,5/9/16,Mon,1732,1.129999995,1.129999995,0,0,0,1.129999995,0,0,0,91,1349,91,1328
1624580081,5/10/16,Tue,2969,1.929999948,1.929999948,0,0,0,1.919999957,0.01,0,0,139,1301,139,1393
1624580081,5/11/16,Wed,3134,2.039999962,2.039999962,0,0,0,2.039999962,0,0,0,112,1328,112,1359
1624580081,5/12/16,Thu,2971,1.929999948,1.929999948,0,0,0,1.919999957,0.01,0,0,107,890,107,1002
1644430081,4/12/16,Tue,10694,7.769999981,7.769999981,0,0.140000001,2.299999952,5.329999924,0,2,51,256,1131,309,3199
1644430081,4/13/16,Wed,8001,5.820000172,5.820000172,0,2.279999971,0.899999976,2.640000105,0,30,16,135,1259,181,2902
1644430081,4/14/16,Thu,11037,8.020000458,8.020000458,0,0.360000014,2.559999943,5.099999905,0,5,58,252,1125,315,3226
1644430081,4/15/16,Fri,5263,3.829999924,3.829999924,0,0.219999999,0.150000006,3.450000048,0,3,4,170,1263,177,2750
1644430081,4/16/16,Sat,15300,11.11999989,11.11999989,0,4.099999905,1.879999995,5.090000153,0,51,42,212,1135,305,3493
1644430081,4/17/16,Sun,8757,6.369999886,6.369999886,0,2.25,0.569999993,3.549999952,0,29,13,186,1212,228,3011
1644430081,4/18/16,Mon,7132,5.190000057,5.190000057,0,1.070000052,1.669999957,2.450000048,0,15,33,121,1271,169,2806
1644430081,4/19/16,Tue,11256,8.180000305,8.180000305,0,0.360000014,2.529999971,5.300000191,0,5,58,278,1099,341,3300
1644430081,4/20/16,Wed,2436,1.769999981,1.769999981,0,0,0,1.75999999,0.01,0,0,125,1315,125,2430
1644430081,4/21/16,Thu,1223,0.889999986,0.889999986,0,0,0,0.879999995,0.01,0,0,38,1402,38,2140
1644430081,4/22/16,Fri,3673,2.670000076,2.670000076,0,0,0,2.660000086,0.01,0,0,86,1354,86,2344
1644430081,4/23/16,Sat,6637,4.829999924,4.829999924,0,0,0.579999983,4.25,0,0,15,160,1265,175,2677
1644430081,4/24/16,Sun,3321,2.410000086,2.410000086,0,0,0,2.410000086,0,0,0,89,1351,89,2413
1644430081,4/25/16,Mon,3580,2.599999905,2.599999905,0,0.589999974,0.059999999,1.950000048,0,8,1,94,1337,103,2497
1644430081,4/26/16,Tue,9919,7.210000038,7.210000038,0,0.800000012,1.720000029,4.690000057,0,11,41,223,1165,275,3123
1644430081,4/27/16,Wed,3032,2.200000048,2.200000048,0,0,0,2.200000048,0,0,0,118,1322,118,2489
1644430081,4/28/16,Thu,9405,6.840000153,6.840000153,0,0.200000003,2.319999933,4.309999943,0,3,53,227,1157,283,3108
1644430081,4/29/16,Fri,3176,2.309999943,2.309999943,0,0,0,2.309999943,0,0,0,120,1193,120,2498
1644430081,4/30/16,Sat,18213,13.23999977,13.23999977,0,0.629999995,3.140000105,9.460000038,0,9,71,402,816,482,3846
1644430081,5/1/16,Sun,6132,4.460000038,4.460000038,0,0.239999995,0.99000001,3.230000019,0,3,24,146,908,173,2696
1644430081,5/2/16,Mon,3758,2.730000019,2.730000019,0,0.07,0.310000002,2.349999905,0,1,7,148,682,156,2580
1644430081,5/3/16,Tue,12850,9.340000153,9.340000153,0,0.720000029,4.090000153,4.539999962,0,10,94,221,1115,325,3324
1644430081,5/4/16,Wed,2309,1.679999948,1.679999948,0,0,0,1.659999967,0.02,0,0,52,1388,52,2222
1644430081,5/5/16,Thu,4363,3.190000057,3.190000057,0,0.519999981,0.540000021,2.130000114,0.01,6,12,81,1341,99,2463
1644430081,5/6/16,Fri,9787,7.119999886,7.119999886,0,0.819999993,0.270000011,6.010000229,0.02,11,6,369,1054,386,3328
1644430081,5/7/16,Sat,13372,9.720000267,9.720000267,0,3.25999999,0.790000021,5.670000076,0.01,41,17,243,1139,301,3404
1644430081,5/8/16,Sun,6724,4.889999866,4.889999866,0,0,0,4.880000114,0,0,0,295,991,295,2987
1644430081,5/9/16,Mon,6643,4.829999924,4.829999924,0,2.390000105,0.349999994,2.089999914,0.01,32,6,303,1099,341,3008
1644430081,5/10/16,Tue,9167,6.659999847,6.659999847,0,0.879999995,0.810000002,4.96999979,0.01,12,19,155,1254,186,2799
1644430081,5/11/16,Wed,1329,0.970000029,0.970000029,0,0,0,0.949999988,0.01,0,0,49,713,49,1276
1844505072,4/12/16,Tue,6697,4.429999828,4.429999828,0,0,0,4.429999828,0,0,0,339,1101,339,2030
1844505072,4/13/16,Wed,4929,3.25999999,3.25999999,0,0,0,3.25999999,0,0,0,248,1192,248,1860
1844505072,4/14/16,Thu,7937,5.25,5.25,0,0,0,5.230000019,0,0,0,373,843,373,2130
1844505072,4/15/16,Fri,3844,2.539999962,2.539999962,0,0,0,2.539999962,0,0,0,176,527,176,1725
1844505072,4/16/16,Sat,3414,2.25999999,2.25999999,0,0,0,2.25999999,0,0,0,147,1293,147,1657
1844505072,4/17/16,Sun,4525,2.99000001,2.99000001,0,0.140000001,0.25999999,2.589999914,0,2,8,199,1231,209,1793
1844505072,4/18/16,Mon,4597,3.039999962,3.039999962,0,0,0.479999989,2.559999943,0,0,12,217,1211,229,1814
1844505072,4/19/16,Tue,197,0.129999995,0.129999995,0,0,0,0.129999995,0,0,0,10,1430,10,1366
1844505072,4/20/16,Wed,8,0.01,0.01,0,0,0,0.01,0,0,0,1,1439,1,1349
1844505072,4/21/16,Thu,8054,5.320000172,5.320000172,0,0.119999997,0.519999981,4.679999828,0,2,13,308,1117,323,2062
1844505072,4/22/16,Fri,5372,3.549999952,3.549999952,0,0,0,3.549999952,0,0,0,220,1220,220,1827
1844505072,4/23/16,Sat,3570,2.359999895,2.359999895,0,0,0,2.359999895,0,0,0,139,1301,139,1645
1844505072,4/24/16,Sun,0,0,0,0,0,0,0,0,0,0,0,1440,0,1347
1844505072,4/25/16,Mon,0,0,0,0,0,0,0,0,0,0,0,1440,0,1347
1844505072,4/26/16,Tue,0,0,0,0,0,0,0,0,0,0,0,1440,0,1347
1844505072,4/27/16,Wed,4,0,0,0,0,0,0,0,0,0,1,1439,1,1348
1844505072,4/28/16,Thu,6907,4.570000172,4.570000172,0,0,0,4.559999943,0,0,0,302,1138,302,1992
1844505072,4/29/16,Fri,4920,3.25,3.25,0,0,0,3.25,0,0,0,247,1082,247,1856
1844505072,4/30/16,Sat,4014,2.670000076,2.670000076,0,0,0,2.650000095,0,0,0,184,218,184,1763
1844505072,5/1/16,Sun,2573,1.700000048,1.700000048,0,0,0.25999999,1.450000048,0,0,7,75,585,82,1541
1844505072,5/2/16,Mon,0,0,0,0,0,0,0,0,0,0,0,1440,0,1348
1844505072,5/3/16,Tue,4059,2.680000067,2.680000067,0,0,0,2.680000067,0,0,0,184,1256,184,1742
1844505072,5/4/16,Wed,2080,1.370000005,1.370000005,0,0,0,1.370000005,0,0,0,87,1353,87,1549
1844505072,5/5/16,Thu,2237,1.480000019,1.480000019,0,0,0,1.480000019,0,0,0,120,1320,120,1589
1844505072,5/6/16,Fri,44,0.029999999,0.029999999,0,0,0,0.029999999,0,0,0,2,1438,2,1351
1844505072,5/7/16,Sat,0,0,0,0,0,0,0,0,0,0,0,1440,0,1347
1844505072,5/8/16,Sun,0,0,0,0,0,0,0,0,0,0,0,1440,0,1347
1844505072,5/9/16,Mon,0,0,0,0,0,0,0,0,0,0,0,1440,0,1347
1844505072,5/10/16,Tue,0,0,0,0,0,0,0,0,0,0,0,1440,0,1347
1844505072,5/11/16,Wed,0,0,0,0,0,0,0,0,0,0,0,1440,0,1347
1844505072,5/12/16,Thu,0,0,0,0,0,0,0,0,0,0,0,711,0,665
1927972279,4/12/16,Tue,678,0.469999999,0.469999999,0,0,0,0.469999999,0,0,0,55,734,55,2220
1927972279,4/13/16,Wed,356,0.25,0.25,0,0,0,0.25,0,0,0,32,986,32,2151
1927972279,4/14/16,Thu,2163,1.5,1.5,0,0,0.400000006,1.100000024,0,0,9,88,1292,97,2383
1927972279,4/15/16,Fri,980,0.680000007,0.680000007,0,0,0,0.680000007,0,0,0,51,941,51,2221
1927972279,4/16/16,Sat,0,0,0,0,0,0,0,0,0,0,0,1440,0,2064
1927972279,4/17/16,Sun,0,0,0,0,0,0,0,0,0,0,0,1440,0,2063
1927972279,4/18/16,Mon,244,0.170000002,0.170000002,0,0,0,0.170000002,0,0,0,17,1423,17,2111
1927972279,4/19/16,Tue,0,0,0,0,0,0,0,0,0,0,0,1440,0,2063
1927972279,4/20/16,Wed,0,0,0,0,0,0,0,0,0,0,0,1440,0,2063
1927972279,4/21/16,Thu,0,0,0,0,0,0,0,0,0,0,0,1440,0,2064
1927972279,4/22/16,Fri,149,0.100000001,0.100000001,0,0,0,0.100000001,0,0,0,10,1430,10,2093
1927972279,4/23/16,Sat,2945,2.039999962,2.039999962,0,0,0,2.039999962,0,0,0,145,1295,145,2499
1927972279,4/24/16,Sun,2090,1.450000048,1.450000048,0,0.07,0.239999995,1.139999986,0,1,6,75,1358,82,2324
1927972279,4/25/16,Mon,152,0.109999999,0.109999999,0,0,0,0.109999999,0,0,0,12,1303,12,2100
1927972279,4/26/16,Tue,3761,2.599999905,2.599999905,0,0,0,2.599999905,0,0,0,192,1058,192,2638
1927972279,4/27/16,Wed,0,0,0,0,0,0,0,0,0,0,0,1440,0,2063
1927972279,4/28/16,Thu,1675,1.159999967,1.159999967,0,0,0,1.159999967,0,0,0,95,1167,95,2351
1927972279,4/29/16,Fri,0,0,0,0,0,0,0,0,0,0,0,1440,0,2063
1927972279,4/30/16,Sat,0,0,0,0,0,0,0,0,0,0,0,1440,0,2064
1927972279,5/1/16,Sun,2704,1.870000005,1.870000005,0,1.00999999,0.029999999,0.829999983,0,14,1,70,1355,85,2411
1927972279,5/2/16,Mon,3790,2.619999886,2.619999886,0,1.159999967,0.300000012,1.159999967,0,16,8,94,1322,118,2505
1927972279,5/3/16,Tue,1326,0.920000017,0.920000017,0,0.730000019,0,0.180000007,0,10,0,17,1413,27,2195
1927972279,5/4/16,Wed,1786,1.24000001,1.24000001,0,0,0,1.24000001,0,0,0,87,1353,87,2338
1927972279,5/5/16,Thu,0,0,0,0,0,0,0,0,0,0,0,1440,0,2063
1927972279,5/6/16,Fri,2091,1.450000048,1.450000048,0,0,0,1.450000048,0,0,0,108,1332,108,2383
1927972279,5/7/16,Sat,1510,1.039999962,1.039999962,0,0,0,1.039999962,0,0,0,48,1392,48,2229
1927972279,5/8/16,Sun,0,0,0,0,0,0,0,0,0,0,0,1440,0,2063
1927972279,5/9/16,Mon,0,0,0,0,0,0,0,0,0,0,0,1440,0,2063
1927972279,5/10/16,Tue,0,0,0,0,0,0,0,0,0,0,0,1440,0,2063
1927972279,5/11/16,Wed,0,0,0,0,0,0,0,0,0,0,0,1440,0,2063
1927972279,5/12/16,Thu,0,0,0,0,0,0,0,0,0,0,0,966,0,1383
2022484408,4/12/16,Tue,11875,8.340000153,8.340000153,0,3.309999943,0.769999981,4.260000229,0,42,14,227,1157,283,2390
2022484408,4/13/16,Wed,12024,8.5,8.5,0,2.99000001,0.100000001,5.409999847,0,43,5,292,1100,340,2601
2022484408,4/14/16,Thu,10690,7.5,7.5,0,2.480000019,0.209999993,4.820000172,0,32,3,257,1148,292,2312
2022484408,4/15/16,Fri,11034,8.029999733,8.029999733,0,1.940000057,0.310000002,5.78000021,0,27,9,282,1122,318,2525
2022484408,4/16/16,Sat,10100,7.090000153,7.090000153,0,3.150000095,0.550000012,3.390000105,0,41,11,151,1237,203,2177
2022484408,4/17/16,Sun,15112,11.39999962,11.39999962,0,3.869999886,0.660000026,6.880000114,0,28,29,331,1052,388,2782
2022484408,4/18/16,Mon,14131,10.06999969,10.06999969,0,3.640000105,0.119999997,6.300000191,0,48,3,311,1078,362,2770
2022484408,4/19/16,Tue,11548,8.529999733,8.529999733,0,3.289999962,0.239999995,5,0,31,7,250,1152,288,2489
2022484408,4/20/16,Wed,15112,10.67000008,10.67000008,0,3.339999914,1.929999948,5.400000095,0,48,63,276,1053,387,2897
2022484408,4/21/16,Thu,12453,8.739999771,8.739999771,0,3.329999924,1.110000014,4.309999943,0,104,53,255,1028,412,3158
2022484408,4/22/16,Fri,12954,9.329999924,9.329999924,0,4.429999828,0.419999987,4.46999979,0,52,10,273,1105,335,2638
2022484408,4/23/16,Sat,6001,4.210000038,4.210000038,0,0,0,4.210000038,0,0,0,249,1191,249,2069
2022484408,4/24/16,Sun,13481,10.27999973,10.27999973,0,4.550000191,1.149999976,4.579999924,0,37,26,216,1161,279,2529
2022484408,4/25/16,Mon,11369,8.010000229,8.010000229,0,3.329999924,0.219999999,4.460000038,0,44,8,217,1171,269,2470
2022484408,4/26/16,Tue,10119,7.190000057,7.190000057,0,1.429999948,0.660000026,5.110000134,0,55,24,275,1086,354,2793
2022484408,4/27/16,Wed,10159,7.130000114,7.130000114,0,1.039999962,0.970000029,5.119999886,0,19,20,282,1119,321,2463
2022484408,4/28/16,Thu,10140,7.119999886,7.119999886,0,0.409999996,1.330000043,5.389999866,0,6,20,291,1123,317,2296
2022484408,4/29/16,Fri,10245,7.190000057,7.190000057,0,0.479999989,1.210000038,5.5,0,21,40,281,1098,342,2611
2022484408,4/30/16,Sat,18387,12.90999985,12.90999985,0,0.939999998,1.399999976,10.56999969,0,13,23,361,1043,397,2732
2022484408,5/1/16,Sun,10538,7.400000095,7.400000095,0,1.940000057,0.959999979,4.5,0,25,28,245,1142,298,2380
2022484408,5/2/16,Mon,10379,7.289999962,7.289999962,0,2.609999895,0.340000004,4.329999924,0,36,8,277,1119,321,2473
2022484408,5/3/16,Tue,12183,8.739999771,8.739999771,0,3.99000001,0.460000008,4.28000021,0,72,14,250,1104,336,2752
2022484408,5/4/16,Wed,11768,8.289999962,8.289999962,0,2.50999999,0.930000007,4.849999905,0,36,27,272,1105,335,2649
2022484408,5/5/16,Thu,11895,8.350000381,8.350000381,0,2.789999962,0.860000014,4.699999809,0,55,20,253,1112,328,2609
2022484408,5/6/16,Fri,10227,7.179999828,7.179999828,0,1.870000005,0.670000017,4.639999866,0,24,17,295,1104,336,2498
2022484408,5/7/16,Sat,6708,4.710000038,4.710000038,0,1.610000014,0.079999998,3.019999981,0,20,2,149,1269,171,1995
2022484408,5/8/16,Sun,3292,2.309999943,2.309999943,0,0,0,2.309999943,0,0,0,135,1305,135,1848
2022484408,5/9/16,Mon,13379,9.390000343,9.390000343,0,2.119999886,1.629999995,5.639999866,0,35,47,297,1061,379,2709
2022484408,5/10/16,Tue,12798,8.979999542,8.979999542,0,2.220000029,1.210000038,5.559999943,0,57,28,271,1084,356,2797
2022484408,5/11/16,Wed,13272,9.319999695,9.319999695,0,4.179999828,1.149999976,3.99000001,0,58,25,224,1133,307,2544
2022484408,5/12/16,Thu,9117,6.409999847,6.409999847,0,1.279999971,0.670000017,4.440000057,0,16,16,236,728,268,1853
2026352035,4/12/16,Tue,4414,2.74000001,2.74000001,0,0.189999998,0.349999994,2.200000048,0,3,8,181,706,192,1459
2026352035,4/13/16,Wed,4993,3.099999905,3.099999905,0,0,0,3.099999905,0,0,0,238,663,238,1521
2026352035,4/14/16,Thu,3335,2.069999933,2.069999933,0,0,0,2.049999952,0,0,0,197,653,197,1431
2026352035,4/15/16,Fri,3821,2.369999886,2.369999886,0,0,0,2.369999886,0,0,0,188,687,188,1444
2026352035,4/16/16,Sat,2547,1.580000043,1.580000043,0,0,0,1.580000043,0,0,0,150,728,150,1373
2026352035,4/17/16,Sun,838,0.519999981,0.519999981,0,0,0,0.519999981,0,0,0,60,1053,60,1214
2026352035,4/18/16,Mon,3325,2.059999943,2.059999943,0,0,0,2.059999943,0,0,0,182,1062,182,1419
2026352035,4/19/16,Tue,2424,1.5,1.5,0,0,0,1.5,0,0,0,141,785,141,1356
2026352035,4/20/16,Wed,7222,4.480000019,4.480000019,0,0,0,4.480000019,0,0,0,327,623,327,1667
2026352035,4/21/16,Thu,2467,1.529999971,1.529999971,0,0,0,1.529999971,0,0,0,153,749,153,1370
2026352035,4/22/16,Fri,2915,1.809999943,1.809999943,0,0,0,1.809999943,0,0,0,162,712,162,1399
2026352035,4/23/16,Sat,12357,7.710000038,7.710000038,0,0,0,7.710000038,0,0,0,432,458,432,1916
2026352035,4/24/16,Sun,3490,2.160000086,2.160000086,0,0,0,2.160000086,0,0,0,164,704,164,1401
2026352035,4/25/16,Mon,6017,3.730000019,3.730000019,0,0,0,3.730000019,0,0,0,260,821,260,1576
2026352035,4/26/16,Tue,5933,3.680000067,3.680000067,0,0,0,3.680000067,0,0,0,288,1018,288,1595
2026352035,4/27/16,Wed,6088,3.769999981,3.769999981,0,0,0,3.769999981,0,0,0,286,586,286,1593
2026352035,4/28/16,Thu,6375,3.950000048,3.950000048,0,0,0,3.950000048,0,0,0,331,626,331,1649
2026352035,4/29/16,Fri,7604,4.710000038,4.710000038,0,0,0,4.710000038,0,0,0,352,492,352,1692
2026352035,4/30/16,Sat,4729,2.930000067,2.930000067,0,0,0,2.930000067,0,0,0,233,594,233,1506
2026352035,5/1/16,Sun,3609,2.279999971,2.279999971,0,0,0,2.279999971,0,0,0,191,716,191,1447
2026352035,5/2/16,Mon,7018,4.349999905,4.349999905,0,0,0,4.349999905,0,0,0,355,716,355,1690
2026352035,5/3/16,Tue,5992,3.720000029,3.720000029,0,0,0,3.720000029,0,0,0,304,981,304,1604
2026352035,5/4/16,Wed,6564,4.070000172,4.070000172,0,0,0,4.070000172,0,0,0,345,530,345,1658
2026352035,5/5/16,Thu,12167,7.539999962,7.539999962,0,0,0,7.539999962,0,0,0,475,479,475,1926
2026352035,5/6/16,Fri,8198,5.079999924,5.079999924,0,0,0,5.079999924,0,0,0,383,511,383,1736
2026352035,5/7/16,Sat,4193,2.599999905,2.599999905,0,0,0,2.599999905,0,0,0,229,665,229,1491
2026352035,5/8/16,Sun,5528,3.450000048,3.450000048,0,0,0,3.450000048,0,0,0,258,610,258,1555
2026352035,5/9/16,Mon,10685,6.619999886,6.619999886,0,0,0,6.599999905,0,0,0,401,543,401,1869
2026352035,5/10/16,Tue,254,0.159999996,0.159999996,0,0,0,0.159999996,0,0,0,17,1002,17,1141
2026352035,5/11/16,Wed,8580,5.320000172,5.320000172,0,0,0,5.320000172,0,0,0,330,569,330,1698
2026352035,5/12/16,Thu,8891,5.510000229,5.510000229,0,0,0,5.510000229,0,0,0,343,330,343,1364
2320127002,4/12/16,Tue,10725,7.489999771,7.489999771,0,1.169999957,0.310000002,6.010000229,0,13,9,306,1112,328,2124
2320127002,4/13/16,Wed,7275,4.900000095,4.900000095,0,0,0,4.900000095,0,0,0,335,1105,335,2003
2320127002,4/14/16,Thu,3973,2.680000067,2.680000067,0,0,0,2.680000067,0,0,0,191,1249,191,1696
2320127002,4/15/16,Fri,5205,3.50999999,3.50999999,0,0,0,3.50999999,0,0,0,245,1195,245,1801
2320127002,4/16/16,Sat,5057,3.410000086,3.410000086,0,0,0,3.400000095,0,0,0,195,1245,195,1724
2320127002,4/17/16,Sun,6198,4.179999828,4.179999828,0,0,0,4.179999828,0,0,0,249,1191,249,1852
2320127002,4/18/16,Mon,6559,4.420000076,4.420000076,0,0,0.25999999,4.139999866,0,0,7,260,1173,267,1905
2320127002,4/19/16,Tue,5997,4.039999962,4.039999962,0,0,0.379999995,3.660000086,0,0,11,228,1201,239,1811
2320127002,4/20/16,Wed,7192,4.849999905,4.849999905,0,0,0.49000001,4.340000153,0,0,11,283,1146,294,1922
2320127002,4/21/16,Thu,3404,2.289999962,2.289999962,0,0.059999999,0.419999987,1.809999943,0,1,10,127,1302,138,1610
2320127002,4/22/16,Fri,5583,3.75999999,3.75999999,0,0,0,3.75999999,0,0,0,266,1174,266,1851
2320127002,4/23/16,Sat,5079,3.420000076,3.420000076,0,0,0,3.420000076,0,0,0,242,1129,242,1804
2320127002,4/24/16,Sun,4165,2.809999943,2.809999943,0,0,0,2.799999952,0,0,0,204,1236,204,1725
2320127002,4/25/16,Mon,3588,2.420000076,2.420000076,0,0.230000004,0.200000003,1.99000001,0,3,5,152,1280,160,1654
2320127002,4/26/16,Tue,3409,2.299999952,2.299999952,0,0,0,2.299999952,0,0,0,147,1293,147,1632
2320127002,4/27/16,Wed,1715,1.159999967,1.159999967,0,0,0,1.159999967,0,0,0,82,1358,82,1481
2320127002,4/28/16,Thu,1532,1.029999971,1.029999971,0,0,0,1.029999971,0,0,0,76,1364,76,1473
2320127002,4/29/16,Fri,924,0.620000005,0.620000005,0,0,0,0.620000005,0,0,0,45,1395,45,1410
2320127002,4/30/16,Sat,4571,3.079999924,3.079999924,0,0,0,3.069999933,0,0,0,234,1206,234,1779
2320127002,5/1/16,Sun,772,0.519999981,0.519999981,0,0,0,0.519999981,0,0,0,40,1400,40,1403
2320127002,5/2/16,Mon,3634,2.450000048,2.450000048,0,0.360000014,0.209999993,1.879999995,0,5,6,123,1306,134,1613
2320127002,5/3/16,Tue,7443,5.019999981,5.019999981,0,1.49000001,0.370000005,3.160000086,0,20,10,206,1204,236,1878
2320127002,5/4/16,Wed,1201,0.810000002,0.810000002,0,0,0,0.810000002,0,0,0,52,1388,52,1426
2320127002,5/5/16,Thu,5202,3.50999999,3.50999999,0,0,0.389999986,3.109999895,0,0,11,223,1206,234,1780
2320127002,5/6/16,Fri,4878,3.289999962,3.289999962,0,0,0,3.289999962,0,0,0,204,1236,204,1742
2320127002,5/7/16,Sat,7379,4.96999979,4.96999979,0,0,0,4.96999979,0,0,0,319,1121,319,1972
2320127002,5/8/16,Sun,5161,3.480000019,3.480000019,0,0,0,3.470000029,0,0,0,247,1193,247,1821
2320127002,5/9/16,Mon,3090,2.079999924,2.079999924,0,0,0,2.079999924,0,0,0,145,1295,145,1630
2320127002,5/10/16,Tue,6227,4.199999809,4.199999809,0,0,0,4.199999809,0,0,0,290,1150,290,1899
2320127002,5/11/16,Wed,6424,4.329999924,4.329999924,0,0,0,4.329999924,0,0,0,300,1140,300,1903
2320127002,5/12/16,Thu,2661,1.789999962,1.789999962,0,0,0,1.789999962,0,0,0,128,830,128,1125
2347167796,4/12/16,Tue,10113,6.829999924,6.829999924,0,2,0.620000005,4.199999809,0,28,13,320,964,361,2344
2347167796,4/13/16,Wed,10352,7.010000229,7.010000229,0,1.659999967,1.940000057,3.410000086,0,19,32,195,676,246,2038
2347167796,4/14/16,Thu,10129,6.699999809,6.699999809,0,0.02,2.74000001,3.940000057,0,1,48,206,705,255,2010
2347167796,4/15/16,Fri,10465,6.920000076,6.920000076,0,0.07,1.419999957,5.429999828,0,1,24,284,720,309,2133
2347167796,4/16/16,Sat,22244,15.07999992,15.07999992,0,5.449999809,4.099999905,5.53000021,0,66,72,268,968,406,2670
2347167796,4/17/16,Sun,5472,3.619999886,3.619999886,0,0.079999998,0.280000001,3.25999999,0,1,7,249,508,257,1882
2347167796,4/18/16,Mon,8247,5.449999809,5.449999809,0,0.790000021,0.860000014,3.789999962,0,11,16,206,678,233,1944
2347167796,4/19/16,Tue,6711,4.440000057,4.440000057,0,0,0,4.440000057,0,0,7,382,648,389,2346
2347167796,4/20/16,Wed,10999,7.269999981,7.269999981,0,0.680000007,1.809999943,4.78000021,0,11,43,269,1011,323,2198
2347167796,4/21/16,Thu,10080,6.75,6.75,0,1.850000024,1.529999971,3.380000114,0,23,26,208,761,257,2048
2347167796,4/22/16,Fri,7804,5.159999847,5.159999847,0,0.560000002,1.679999948,2.920000076,0,9,27,206,781,242,1946
2347167796,4/23/16,Sat,16901,11.36999989,11.36999989,0,2.779999971,1.450000048,7.150000095,0,32,35,360,591,427,2629
2347167796,4/24/16,Sun,9471,6.260000229,6.260000229,0,0,0,6.260000229,0,0,0,360,584,360,2187
2347167796,4/25/16,Mon,9482,6.380000114,6.380000114,0,1.269999981,0.519999981,4.599999905,0,15,11,277,653,303,2095
2347167796,4/26/16,Tue,5980,3.950000048,3.950000048,0,0,0,3.950000048,0,0,0,227,732,227,1861
2347167796,4/27/16,Wed,11423,7.579999924,7.579999924,0,1.860000014,0.400000006,5.320000172,0,26,9,295,623,330,2194
2347167796,4/28/16,Thu,5439,3.599999905,3.599999905,0,0,0,3.599999905,0,0,0,229,764,229,1854
2347167796,4/29/16,Fri,42,0.029999999,0.029999999,0,0,0,0.029999999,0,0,0,4,2,4,403
2873212765,4/12/16,Tue,8796,5.909999847,5.909999847,0,0.109999999,0.930000007,4.880000114,0,2,21,356,1061,379,1982
2873212765,4/13/16,Wed,7618,5.119999886,5.119999886,0,0,0.219999999,4.880000114,0.02,0,8,404,1028,412,2004
2873212765,4/14/16,Thu,7910,5.320000172,5.320000172,0,0,0,5.320000172,0,0,0,331,1109,331,1893
2873212765,4/15/16,Fri,8482,5.699999809,5.699999809,0,0,0,5.690000057,0.01,0,0,448,992,448,2063
2873212765,4/16/16,Sat,9685,6.650000095,6.650000095,0,3.109999895,0.02,3.50999999,0.01,47,1,305,1087,353,2148
2873212765,4/17/16,Sun,2524,1.700000048,1.700000048,0,0,0.349999994,1.340000033,0,0,8,160,1272,168,1529
2873212765,4/18/16,Mon,7762,5.239999771,5.239999771,0,0.07,0.280000001,4.889999866,0,1,6,311,1122,318,1890
2873212765,4/19/16,Tue,7948,5.369999886,5.369999886,0,0,0,5.360000134,0,0,0,389,1051,389,1956
2873212765,4/20/16,Wed,9202,6.300000191,6.300000191,0,1.50999999,0.119999997,4.659999847,0.01,22,5,378,1035,405,2094
2873212765,4/21/16,Thu,8859,5.980000019,5.980000019,0,0.129999995,0.370000005,5.46999979,0.01,2,10,371,1057,383,1970
2873212765,4/22/16,Fri,7286,4.900000095,4.900000095,0,0.460000008,0,4.420000076,0.02,46,0,366,1028,412,2241
2873212765,4/23/16,Sat,9317,6.349999905,6.349999905,0,2.089999914,0.230000004,4.019999981,0.01,28,5,330,1077,363,2021
2873212765,4/24/16,Sun,6873,4.679999828,4.679999828,0,3,0.059999999,1.620000005,0,46,1,190,1203,237,1898
2873212765,4/25/16,Mon,7373,4.949999809,4.949999809,0,0,0,4.949999809,0,0,0,359,1081,359,1907
2873212765,4/26/16,Tue,8242,5.539999962,5.539999962,0,0.119999997,0.180000007,5.239999771,0,2,5,309,1124,316,1882
2873212765,4/27/16,Wed,3516,2.359999895,2.359999895,0,0,0,2.359999895,0,46,0,197,1197,243,1966
2873212765,4/28/16,Thu,7913,5.409999847,5.409999847,0,2.160000086,0.340000004,2.910000086,0,28,7,213,1192,248,1835
2873212765,4/29/16,Fri,7365,4.949999809,4.949999809,0,1.360000014,1.409999967,2.180000067,0,20,23,206,1191,249,1780
2873212765,4/30/16,Sat,8452,5.679999828,5.679999828,0,0.330000013,1.080000043,4.260000229,0.01,5,20,248,1167,273,1830
2873212765,5/1/16,Sun,7399,4.96999979,4.96999979,0,0.49000001,1.039999962,3.440000057,0,7,18,196,1219,221,1739
2873212765,5/2/16,Mon,7525,5.059999943,5.059999943,0,0,0.209999993,4.829999924,0.02,0,7,334,1099,341,1878
2873212765,5/3/16,Tue,7412,4.980000019,4.980000019,0,0.059999999,0.25,4.659999847,0.01,1,6,363,1070,370,1906
2873212765,5/4/16,Wed,8278,5.559999943,5.559999943,0,0,0,5.559999943,0,0,0,420,1020,420,2015
2873212765,5/5/16,Thu,8314,5.610000134,5.610000134,0,0.779999971,0.800000012,4.03000021,0,13,23,311,1093,347,1971
2873212765,5/6/16,Fri,7063,4.75,4.75,0,0,0.119999997,4.610000134,0.01,0,5,370,1065,375,1910
2873212765,5/7/16,Sat,4940,3.380000114,3.380000114,0,2.279999971,0.550000012,0.550000012,0,75,11,52,1302,138,1897
2873212765,5/8/16,Sun,8168,5.539999962,5.539999962,0,2.900000095,0,2.640000105,0,46,0,326,1068,372,2096
2873212765,5/9/16,Mon,7726,5.190000057,5.190000057,0,0,0,5.190000057,0,0,0,345,1095,345,1906
2873212765,5/10/16,Tue,8275,5.559999943,5.559999943,0,0,0,5.550000191,0.01,0,0,373,1067,373,1962
2873212765,5/11/16,Wed,6440,4.329999924,4.329999924,0,0,0,4.320000172,0.01,0,0,319,1121,319,1826
2873212765,5/12/16,Thu,7566,5.110000134,5.110000134,0,0,0,5.110000134,0,0,0,268,720,268,1431
3372868164,4/12/16,Tue,4747,3.24000001,3.24000001,0,0,0,3.230000019,0.01,0,0,280,1160,280,1788
3372868164,4/13/16,Wed,9715,6.630000114,6.630000114,0,0.99000001,0.340000004,5.269999981,0.02,16,8,371,1045,395,2093
3372868164,4/14/16,Thu,8844,6.03000021,6.03000021,0,0.340000004,1.029999971,4.650000095,0.01,6,25,370,1039,401,2065
3372868164,4/15/16,Fri,7451,5.079999924,5.079999924,0,0,0,5.059999943,0.02,0,0,335,1105,335,1908
3372868164,4/16/16,Sat,6905,4.730000019,4.730000019,0,0,0,4.699999809,0.029999999,0,0,356,1084,356,1908
3372868164,4/17/16,Sun,8199,5.880000114,5.880000114,0,1.409999967,0.100000001,4.360000134,0.01,11,2,322,1105,335,1964
3372868164,4/18/16,Mon,6798,4.639999866,4.639999866,0,1.080000043,0.200000003,3.349999905,0,20,7,343,1070,370,2014
3372868164,4/19/16,Tue,7711,5.260000229,5.260000229,0,0,0,5.239999771,0.02,0,0,376,1064,376,1985
3372868164,4/20/16,Wed,4880,3.329999924,3.329999924,0,0.839999974,0.090000004,2.380000114,0.02,15,3,274,1148,292,1867
3372868164,4/21/16,Thu,8857,6.070000172,6.070000172,0,1.149999976,0.25999999,4.639999866,0.01,18,9,376,1037,403,2124
3372868164,4/22/16,Fri,3843,2.619999886,2.619999886,0,0,0,2.609999895,0.01,0,0,206,1234,206,1669
3372868164,4/23/16,Sat,7396,5.070000172,5.070000172,0,1.399999976,0.079999998,3.579999924,0,20,2,303,1115,325,1995
3372868164,4/24/16,Sun,6731,4.590000153,4.590000153,0,0.889999986,0.189999998,3.49000001,0.02,14,7,292,1127,313,1921
3372868164,4/25/16,Mon,5995,4.090000153,4.090000153,0,0,0,4.090000153,0,0,0,416,1024,416,2010
3372868164,4/26/16,Tue,8283,5.789999962,5.789999962,0,1.850000024,0.050000001,3.869999886,0.01,22,2,333,1083,357,2057
3372868164,4/27/16,Wed,7904,5.420000076,5.420000076,0,1.580000043,0.629999995,3.190000057,0.01,24,13,346,1057,383,2095
3372868164,4/28/16,Thu,5512,3.75999999,3.75999999,0,0,0,3.75999999,0,0,0,385,1055,385,1972
3372868164,4/29/16,Fri,9135,6.230000019,6.230000019,0,0,0,6.21999979,0.01,0,0,402,1038,402,2044
3372868164,4/30/16,Sat,5250,3.579999924,3.579999924,0,1.059999943,0.090000004,2.420000076,0.01,17,4,300,1119,321,1946
3372868164,5/1/16,Sun,3077,2.099999905,2.099999905,0,0,0,2.089999914,0,0,0,172,842,172,1237
3977333714,4/12/16,Tue,8856,5.980000019,5.980000019,0,3.059999943,0.910000026,2.00999999,0,44,19,131,777,194,1450
3977333714,4/13/16,Wed,10035,6.710000038,6.710000038,0,2.029999971,2.130000114,2.549999952,0,31,46,153,754,230,1495
3977333714,4/14/16,Thu,7641,5.110000134,5.110000134,0,0.319999993,0.970000029,3.819999933,0,5,23,214,801,242,1433
3977333714,4/15/16,Fri,9010,6.059999943,6.059999943,0,1.049999952,1.75,3.25999999,0,15,42,183,644,240,1468
3977333714,4/16/16,Sat,13459,9,9,0,2.029999971,4,2.970000029,0,31,83,153,663,267,1625
3977333714,4/17/16,Sun,10415,6.96999979,6.96999979,0,0.699999988,2.349999905,3.920000076,0,11,58,205,600,274,1529
3977333714,4/18/16,Mon,11663,7.800000191,7.800000191,0,0.25,3.730000019,3.819999933,0,4,95,214,605,313,1584
3977333714,4/19/16,Tue,12414,8.779999733,8.779999733,0,2.24000001,2.450000048,3.960000038,0,19,67,221,738,307,1638
3977333714,4/20/16,Wed,11658,7.829999924,7.829999924,0,0.200000003,4.349999905,3.279999971,0,2,98,164,845,264,1554
3977333714,4/21/16,Thu,6093,4.079999924,4.079999924,0,0,0,4.059999943,0,0,0,242,712,242,1397
3977333714,4/22/16,Fri,8911,5.960000038,5.960000038,0,2.329999924,0.579999983,3.059999943,0,33,12,188,731,233,1481
3977333714,4/23/16,Sat,12058,8.069999695,8.069999695,0,0,4.21999979,3.849999905,0,0,92,252,724,344,1638
3977333714,4/24/16,Sun,14112,10,10,0,3.269999981,4.559999943,2.170000076,0,30,95,129,660,254,1655
3977333714,4/25/16,Mon,11177,8.479999542,8.479999542,0,5.619999886,0.430000007,2.410000086,0,50,9,133,781,192,1570
3977333714,4/26/16,Tue,11388,7.619999886,7.619999886,0,0.449999988,4.21999979,2.950000048,0,7,95,170,797,272,1551
3977333714,4/27/16,Wed,7193,5.039999962,5.039999962,0,0,0.419999987,4.619999886,0,0,10,176,714,186,1377
3977333714,4/28/16,Thu,7114,4.880000114,4.880000114,0,1.370000005,0.289999992,3.220000029,0,15,8,190,804,213,1407
3977333714,4/29/16,Fri,10645,7.75,7.75,0,3.74000001,1.299999952,2.710000038,0,36,32,150,744,218,1545
3977333714,4/30/16,Sat,13238,9.199999809,9.199999809,0,3.690000057,2.099999905,3.410000086,0,43,52,194,687,289,1650
3977333714,5/1/16,Sun,10414,7.070000172,7.070000172,0,2.670000076,1.980000019,2.410000086,0,41,40,124,691,205,1501
3977333714,5/2/16,Mon,16520,11.05000019,11.05000019,0,1.539999962,6.480000019,3.019999981,0,24,143,176,713,343,1760
3977333714,5/3/16,Tue,14335,9.590000153,9.590000153,0,3.319999933,1.74000001,4.53000021,0,47,41,258,594,346,1710
3977333714,5/4/16,Wed,13559,9.43999958,9.43999958,0,1.809999943,4.579999924,2.890000105,0,14,96,142,852,252,1628
3977333714,5/5/16,Thu,12312,8.579999924,8.579999924,0,1.75999999,4.110000134,2.710000038,0,14,88,178,680,280,1618
3977333714,5/6/16,Fri,11677,8.279999733,8.279999733,0,3.109999895,2.50999999,2.670000076,0,29,55,168,676,252,1590
3977333714,5/7/16,Sat,11550,7.730000019,7.730000019,0,0,4.130000114,3.589999914,0,0,86,208,703,294,1574
3977333714,5/8/16,Sun,13585,9.090000153,9.090000153,0,0.680000007,5.239999771,3.170000076,0,9,116,171,688,296,1633
3977333714,5/9/16,Mon,14687,10.07999992,10.07999992,0,0.769999981,5.599999905,3.549999952,0,8,122,151,1159,281,1667
3977333714,5/10/16,Tue,13072,8.779999733,8.779999733,0,0.07,5.400000095,3.309999943,0,1,115,196,676,312,1630
3977333714,5/11/16,Wed,746,0.5,0.5,0,0.370000005,0,0.129999995,0,4,0,9,13,13,52
4020332650,4/12/16,Tue,8539,6.119999886,6.119999886,0,0.150000006,0.239999995,5.679999828,0,4,15,331,712,350,3654
4020332650,4/13/16,Wed,0,0,0,0,0,0,0,0,0,0,0,1440,0,1981
4020332650,4/14/16,Thu,108,0.079999998,0.079999998,0,0,0,0.029999999,0,0,0,3,1437,3,2011
4020332650,4/15/16,Fri,1882,1.350000024,1.350000024,0,0.209999993,0.360000014,0.769999981,0,36,18,87,1299,141,2951
4020332650,4/16/16,Sat,1982,1.419999957,1.419999957,0,0.449999988,0.370000005,0.589999974,0,65,21,55,1222,141,3051
4020332650,4/17/16,Sun,16,0.01,0.01,0,0,0,0.01,0,0,0,2,1438,2,1990
4020332650,4/18/16,Mon,62,0.039999999,0.039999999,0,0,0,0.039999999,0,0,0,2,1438,2,1995
4020332650,4/19/16,Tue,0,0,0,0,0,0,0,0,0,0,0,1440,0,1980
4020332650,4/20/16,Wed,0,0,0,0,0,0,0,0,0,0,0,1440,0,1980
4020332650,4/21/16,Thu,0,0,0,0,0,0,0,0,0,0,0,1440,0,1980
4020332650,4/22/16,Fri,0,0,0,0,0,0,0,0,0,0,0,1440,0,1980
4020332650,4/23/16,Sat,0,0,0,0,0,0,0,0,0,0,0,1440,0,1980
4020332650,4/24/16,Sun,0,0,0,0,0,0,0,0,0,0,0,1440,0,1980
4020332650,4/25/16,Mon,0,0,0,0,0,0,0,0,0,0,0,1440,0,1980
4020332650,4/26/16,Tue,0,0,0,0,0,0,0,0,0,0,0,1440,0,1980
4020332650,4/27/16,Wed,0,0,0,0,0,0,0,0,0,0,0,1440,0,1980
4020332650,4/28/16,Thu,0,0,0,0,0,0,0,0,0,0,0,1440,0,1980
4020332650,4/29/16,Fri,0,0,0,0,0,0,0,0,0,0,0,1440,0,1980
4020332650,4/30/16,Sat,0,0,0,0,0,0,0,0,0,0,0,1440,0,1980
4020332650,5/1/16,Sun,0,0,0,0,0,0,0,0,0,0,0,1440,0,1980
4020332650,5/2/16,Mon,475,0.340000004,0.340000004,0,0,0.039999999,0.289999992,0,0,11,31,1350,42,2207
4020332650,5/3/16,Tue,4496,3.220000029,3.220000029,0,0,0,3.150000095,0.050000001,0,0,174,950,174,2828
4020332650,5/4/16,Wed,10252,7.349999905,7.349999905,0,0.670000017,1.039999962,5.579999924,0,13,46,346,531,405,3879
4020332650,5/5/16,Thu,11728,8.430000305,8.430000305,0,2.619999886,1.679999948,4.039999962,0.07,38,42,196,916,276,3429
4020332650,5/6/16,Fri,4369,3.130000114,3.130000114,0,0,0,3.099999905,0.01,0,0,177,855,177,2704
4020332650,5/7/16,Sat,6132,4.400000095,4.400000095,0,0,0,3.579999924,0,0,0,184,1256,184,2975
4020332650,5/8/16,Sun,5862,4.199999809,4.199999809,0,0,0,4.150000095,0,0,0,263,775,263,3089
4020332650,5/9/16,Mon,4556,3.269999981,3.269999981,0,0.200000003,0.119999997,2.940000057,0,3,5,173,1225,181,2785
4020332650,5/10/16,Tue,5546,3.980000019,3.980000019,0,0,0,3.869999886,0.039999999,0,0,206,774,206,2926
4020332650,5/11/16,Wed,3689,2.650000095,2.650000095,0,0.109999999,0.170000002,2.329999924,0,2,8,134,1296,144,2645
4020332650,5/12/16,Thu,590,0.419999987,0.419999987,0,0,0,0.409999996,0,0,0,21,721,21,1120
4057192912,4/12/16,Tue,5394,4.03000021,4.03000021,0,0,0,3.940000057,0,0,0,164,1276,164,2286
4057192912,4/13/16,Wed,5974,4.46999979,4.46999979,0,0,0,4.369999886,0,0,0,160,1280,160,2306
4057192912,4/14/16,Thu,0,0,0,0,0,0,0,0,0,0,0,1440,0,1776
4057192912,4/15/16,Fri,3984,2.950000048,2.950000048,0,0.209999993,0.25999999,2.440000057,0,3,6,88,873,97,1527
4319703577,4/12/16,Tue,7753,5.199999809,5.199999809,0,0,0,0,0,0,0,0,1440,0,2115
4319703577,4/13/16,Wed,8204,5.5,5.5,0,0.529999971,0.589999974,1.309999943,0,8,15,96,1234,119,2135
4319703577,4/14/16,Thu,10210,6.880000114,6.880000114,0,0.109999999,0.330000013,6.440000057,0,1,9,339,589,349,2302
4319703577,4/15/16,Fri,5664,3.799999952,3.799999952,0,0,0,3.799999952,0,0,0,228,752,228,1985
4319703577,4/16/16,Sat,4744,3.180000067,3.180000067,0,0,0,3.180000067,0,0,0,194,724,194,1884
4319703577,4/17/16,Sun,29,0.02,0.02,0,0,0,0.02,0,0,0,3,1363,3,1464
4319703577,4/18/16,Mon,2276,1.549999952,1.549999952,0,0.07,0.330000013,1.120000005,0,1,9,58,824,68,1632
4319703577,4/19/16,Tue,8925,5.989999771,5.989999771,0,0,0,5.989999771,0,0,0,311,604,311,2200
4319703577,4/20/16,Wed,8954,6.010000229,6.010000229,0,0,0.680000007,5.309999943,0,0,18,306,671,324,2220
4319703577,4/21/16,Thu,3702,2.480000019,2.480000019,0,0,0,0.349999994,0,0,0,34,1265,34,1792
4319703577,4/22/16,Fri,4500,3.019999981,3.019999981,0,0.059999999,0.810000002,2.150000095,0,1,19,176,709,196,1886
4319703577,4/23/16,Sat,4935,3.309999943,3.309999943,0,0,0,3.309999943,0,0,0,233,546,233,1945
4319703577,4/24/16,Sun,4081,2.74000001,2.74000001,0,0.059999999,0.200000003,2.470000029,0,1,5,191,692,197,1880
4319703577,4/25/16,Mon,9259,6.210000038,6.210000038,0,0,0.280000001,5.929999828,0,0,8,390,544,398,2314
4319703577,4/26/16,Tue,9899,6.639999866,6.639999866,0,0.569999993,0.920000017,5.150000095,0,8,21,288,649,317,2236
4319703577,4/27/16,Wed,10780,7.230000019,7.230000019,0,0.409999996,1.919999957,4.909999847,0,6,47,300,680,353,2324
4319703577,4/28/16,Thu,10817,7.28000021,7.28000021,0,1.00999999,0.330000013,5.940000057,0,13,8,359,552,380,2367
4319703577,4/29/16,Fri,7990,5.360000134,5.360000134,0,0.449999988,0.790000021,4.119999886,0,6,18,289,624,313,2175
4319703577,4/30/16,Sat,8221,5.519999981,5.519999981,0,0.400000006,1.610000014,3.50999999,0,6,38,196,695,240,2092
4319703577,5/1/16,Sun,1251,0.839999974,0.839999974,0,0,0,0.839999974,0,0,0,67,836,67,1593
4319703577,5/2/16,Mon,9261,6.239999771,6.239999771,0,0,0.439999998,5.710000038,0,0,11,344,585,355,2270
4319703577,5/3/16,Tue,9648,6.46999979,6.46999979,0,0.579999983,1.070000052,4.829999924,0,8,26,287,669,321,2235
4319703577,5/4/16,Wed,10429,7.019999981,7.019999981,0,0.589999974,0.579999983,5.849999905,0,8,13,313,1106,334,2282
4319703577,5/5/16,Thu,13658,9.489999771,9.489999771,0,2.630000114,1.409999967,5.449999809,0,27,34,328,957,389,2530
4319703577,5/6/16,Fri,9524,6.420000076,6.420000076,0,0.409999996,0.469999999,5.460000038,0,6,11,314,692,331,2266
4319703577,5/7/16,Sat,7937,5.329999924,5.329999924,0,0.189999998,1.049999952,4.079999924,0,3,28,279,586,310,2158
4319703577,5/8/16,Sun,3672,2.460000038,2.460000038,0,0,0,2.460000038,0,0,0,153,603,153,1792
4319703577,5/9/16,Mon,10378,6.960000038,6.960000038,0,0.140000001,0.560000002,6.25,0,2,14,374,490,390,2345
4319703577,5/10/16,Tue,9487,6.369999886,6.369999886,0,0.209999993,0.460000008,5.699999809,0,3,12,329,555,344,2260
4319703577,5/11/16,Wed,9129,6.130000114,6.130000114,0,0.200000003,0.74000001,5.179999828,0,3,18,311,574,332,2232
4319703577,5/12/16,Thu,17,0.01,0.01,0,0,0,0.01,0,0,0,2,0,2,257
4388161847,4/12/16,Tue,10122,7.78000021,7.78000021,0,0,0,0,0,0,0,0,1440,0,2955
4388161847,4/13/16,Wed,10993,8.449999809,8.449999809,0,0.059999999,0.629999995,3.880000114,0,1,14,150,1275,165,3092
4388161847,4/14/16,Thu,8863,6.820000172,6.820000172,0,0.129999995,1.070000052,5.619999886,0,10,35,219,945,264,2998
4388161847,4/15/16,Fri,8758,6.730000019,6.730000019,0,0,0,6.730000019,0,0,0,299,837,299,3066
4388161847,4/16/16,Sat,6580,5.059999943,5.059999943,0,0.209999993,0.400000006,4.449999809,0,6,9,253,609,268,3073
4388161847,4/17/16,Sun,4660,3.579999924,3.579999924,0,0,0,3.579999924,0,0,0,201,721,201,2572
4388161847,4/18/16,Mon,11009,9.100000381,9.100000381,0,3.559999943,0.400000006,5.139999866,0,27,8,239,1017,274,3274
4388161847,4/19/16,Tue,10181,7.829999924,7.829999924,0,1.370000005,0.689999998,5.769999981,0,20,16,249,704,285,3015
4388161847,4/20/16,Wed,10553,8.119999886,8.119999886,0,1.100000024,1.720000029,5.289999962,0,19,42,228,696,289,3083
4388161847,4/21/16,Thu,10055,7.730000019,7.730000019,0,0.370000005,0.389999986,6.980000019,0,7,12,272,853,291,3069
4388161847,4/22/16,Fri,12139,9.340000153,9.340000153,0,3.299999952,1.110000014,4.920000076,0,77,25,220,945,322,3544
4388161847,4/23/16,Sat,13236,10.18000031,10.18000031,0,4.5,0.319999993,5.349999905,0,58,5,215,749,278,3306
4388161847,4/24/16,Sun,10243,7.880000114,7.880000114,0,1.080000043,0.50999999,6.300000191,0,14,8,239,584,261,2885
4388161847,4/25/16,Mon,12961,9.970000267,9.970000267,0,0.730000019,1.399999976,7.840000153,0,11,31,301,1054,343,3288
4388161847,4/26/16,Tue,9461,7.28000021,7.28000021,0,0.939999998,1.059999943,5.269999981,0,14,23,224,673,261,2929
4388161847,4/27/16,Wed,11193,8.609999657,8.609999657,0,0.699999988,2.50999999,5.389999866,0,11,48,241,684,300,3074
4388161847,4/28/16,Thu,10074,7.75,7.75,0,1.289999962,0.430000007,6.03000021,0,19,9,234,878,262,2969
4388161847,4/29/16,Fri,9232,7.099999905,7.099999905,0,0.800000012,0.889999986,5.420000076,0,13,16,236,1175,265,2979
4388161847,4/30/16,Sat,12533,9.640000343,9.640000343,0,0.699999988,2,6.940000057,0,14,43,300,537,357,3283
4388161847,5/1/16,Sun,10255,7.889999866,7.889999866,0,1.00999999,0.680000007,6.199999809,0,12,15,241,579,268,2926
4388161847,5/2/16,Mon,10096,8.399999619,8.399999619,0,3.769999981,0.079999998,4.550000191,0,33,4,204,935,241,3147
4388161847,5/3/16,Tue,12727,9.789999962,9.789999962,0,1.129999995,0.779999971,7.880000114,0,18,18,306,984,342,3290
4388161847,5/4/16,Wed,12375,9.520000458,9.520000458,0,2.789999962,0.930000007,5.800000191,0,35,21,251,632,307,3162
4388161847,5/5/16,Thu,9603,7.380000114,7.380000114,0,0.629999995,1.669999957,5.090000153,0,12,39,199,896,250,2899
4388161847,5/6/16,Fri,13175,10.13000011,10.13000011,0,2.109999895,2.089999914,5.929999828,0,33,45,262,1100,340,3425
4388161847,5/7/16,Sat,22770,17.54000092,17.54000092,0,9.449999809,2.769999981,5.329999924,0,120,56,260,508,436,4022
4388161847,5/8/16,Sun,17298,14.38000011,14.38000011,0,9.890000343,1.25999999,3.230000019,0,107,38,178,576,323,3934
4388161847,5/9/16,Mon,10218,7.860000134,7.860000134,0,0.340000004,0.730000019,6.789999962,0,6,19,258,1020,283,3013
4388161847,5/10/16,Tue,10299,7.920000076,7.920000076,0,0.810000002,0.649999976,6.460000038,0,13,14,267,648,294,3061
4388161847,5/11/16,Wed,10201,7.840000153,7.840000153,0,0.529999971,0.790000021,6.53000021,0,8,18,256,858,282,2954
4388161847,5/12/16,Thu,3369,2.589999914,2.589999914,0,0,0,2.589999914,0,0,0,108,825,108,1623
4445114986,4/12/16,Tue,3276,2.200000048,2.200000048,0,0,0,2.200000048,0,0,0,196,787,196,2113
4445114986,4/13/16,Wed,2961,1.99000001,1.99000001,0,0,0,1.99000001,0,0,0,194,840,194,2095
4445114986,4/14/16,Thu,3974,2.670000076,2.670000076,0,0,0,2.670000076,0,0,0,231,717,231,2194
4445114986,4/15/16,Fri,7198,4.829999924,4.829999924,0,0,0,4.829999924,0,0,0,350,711,350,2496
4445114986,4/16/16,Sat,3945,2.650000095,2.650000095,0,0,0,2.650000095,0,0,0,225,716,225,2180
4445114986,4/17/16,Sun,2268,1.519999981,1.519999981,0,0,0,1.519999981,0,0,0,114,1219,114,1933
4445114986,4/18/16,Mon,6155,4.239999771,4.239999771,0,2,0.289999992,1.950000048,0,25,6,162,1247,193,2248
4445114986,4/19/16,Tue,2064,1.389999986,1.389999986,0,0,0,1.389999986,0,0,0,121,895,121,1954
4445114986,4/20/16,Wed,2072,1.389999986,1.389999986,0,0,0,1.389999986,0,0,0,137,841,137,1974
4445114986,4/21/16,Thu,3809,2.559999943,2.559999943,0,0,0,2.539999962,0,0,0,215,756,215,2150
4445114986,4/22/16,Fri,6831,4.579999924,4.579999924,0,0,0,4.579999924,0,0,0,317,706,317,2432
4445114986,4/23/16,Sat,4363,2.930000067,2.930000067,0,0,0,2.930000067,0,0,0,201,1239,201,2149
4445114986,4/24/16,Sun,5002,3.359999895,3.359999895,0,0,0,3.359999895,0,0,0,244,1196,244,2247
4445114986,4/25/16,Mon,3385,2.269999981,2.269999981,0,0,0,2.269999981,0,0,0,179,916,179,2070
4445114986,4/26/16,Tue,6326,4.409999847,4.409999847,0,2.410000086,0.039999999,1.960000038,0,29,1,180,839,210,2291
4445114986,4/27/16,Wed,7243,5.03000021,5.03000021,0,2.619999886,0.029999999,2.380000114,0,32,1,194,839,227,2361
4445114986,4/28/16,Thu,4493,3.00999999,3.00999999,0,0,0,3.00999999,0,0,0,236,762,236,2203
4445114986,4/29/16,Fri,4676,3.140000105,3.140000105,0,0,0,3.130000114,0,0,0,226,1106,226,2196
4445114986,4/30/16,Sat,6222,4.179999828,4.179999828,0,0,0,4.179999828,0,0,0,290,797,290,2363
4445114986,5/1/16,Sun,5232,3.50999999,3.50999999,0,0,0,3.50999999,0,0,0,240,741,240,2246
4445114986,5/2/16,Mon,6910,4.75,4.75,0,2.210000038,0.189999998,2.349999905,0,27,4,200,667,231,2336
4445114986,5/3/16,Tue,7502,5.179999828,5.179999828,0,2.480000019,0.109999999,2.579999924,0,30,2,233,725,265,2421
4445114986,5/4/16,Wed,2923,1.960000038,1.960000038,0,0,0,1.960000038,0,0,0,180,897,180,2070
4445114986,5/5/16,Thu,3800,2.549999952,2.549999952,0,0.119999997,0.239999995,2.180000067,0,2,6,185,734,193,2120
4445114986,5/6/16,Fri,4514,3.029999971,3.029999971,0,0,0,3.029999971,0,0,0,229,809,229,2211
4445114986,5/7/16,Sat,5183,3.589999914,3.589999914,0,2.130000114,0.189999998,1.25,0,26,4,108,866,138,2123
4445114986,5/8/16,Sun,7303,4.900000095,4.900000095,0,0,0.25,4.650000095,0,0,8,308,733,316,2423
4445114986,5/9/16,Mon,5275,3.539999962,3.539999962,0,0,0,3.539999962,0,0,0,266,641,266,2281
4445114986,5/10/16,Tue,3915,2.630000114,2.630000114,0,0,0,2.630000114,0,0,0,231,783,231,2181
4445114986,5/11/16,Wed,9105,6.110000134,6.110000134,0,2.25,1,2.859999895,0,34,22,232,622,288,2499
4445114986,5/12/16,Thu,768,0.519999981,0.519999981,0,0,0,0.519999981,0,0,0,58,380,58,1212
4558609924,4/12/16,Tue,5135,3.390000105,3.390000105,0,0,0,3.390000105,0,0,0,318,1122,318,1909
4558609924,4/13/16,Wed,4978,3.289999962,3.289999962,0,1.24000001,0.439999998,1.610000014,0,19,7,127,1287,153,1722
4558609924,4/14/16,Thu,6799,4.489999771,4.489999771,0,0,0,4.489999771,0,0,0,279,1161,279,1922
4558609924,4/15/16,Fri,7795,5.150000095,5.150000095,0,0.589999974,0.839999974,3.730000019,0,17,30,262,1131,309,2121
4558609924,4/16/16,Sat,7289,4.820000172,4.820000172,0,0.550000012,0.75,3.5,0,8,12,308,1112,328,1997
4558609924,4/17/16,Sun,9634,6.400000095,6.400000095,0,0.550000012,1.139999986,4.710000038,0,7,19,304,1110,330,2117
4558609924,4/18/16,Mon,8940,5.909999847,5.909999847,0,0.980000019,0.930000007,4,0,14,15,331,1080,360,2116
4558609924,4/19/16,Tue,5401,3.569999933,3.569999933,0,0.050000001,0.360000014,3.160000086,0,1,9,248,1182,258,1876
4558609924,4/20/16,Wed,4803,3.170000076,3.170000076,0,0,0,3.170000076,0,0,0,222,1218,222,1788
4558609924,4/21/16,Thu,13743,9.079999924,9.079999924,0,0.419999987,0.970000029,7.699999809,0,6,21,432,844,459,2486
4558609924,4/22/16,Fri,9601,6.349999905,6.349999905,0,1.370000005,1.5,3.470000029,0,20,25,273,1122,318,2094
4558609924,4/23/16,Sat,6890,4.550000191,4.550000191,0,0.340000004,0.200000003,4.010000229,0,5,5,308,1122,318,2085
4558609924,4/24/16,Sun,8563,5.659999847,5.659999847,0,0,0,5.650000095,0,0,0,395,1045,395,2173
4558609924,4/25/16,Mon,8095,5.349999905,5.349999905,0,0.589999974,0.25,4.510000229,0,18,10,340,993,368,2225
4558609924,4/26/16,Tue,9148,6.050000191,6.050000191,0,0.430000007,2.029999971,3.589999914,0,12,41,283,1062,336,2223
4558609924,4/27/16,Wed,9557,6.320000172,6.320000172,0,1.960000038,0.889999986,3.460000038,0,27,14,312,1087,353,2098
4558609924,4/28/16,Thu,9451,6.25,6.25,0,0.02,0.270000011,5.949999809,0,1,11,367,985,379,2185
4558609924,4/29/16,Fri,7833,5.179999828,5.179999828,0,1.019999981,1.850000024,2.309999943,0,15,29,197,1096,241,1918
4558609924,4/30/16,Sat,10319,6.820000172,6.820000172,0,0.469999999,1.889999986,4.460000038,0,7,29,293,1111,329,2105
4558609924,5/1/16,Sun,3428,2.269999981,2.269999981,0,0,0,2.269999981,0,0,0,190,1121,190,1692
4558609924,5/2/16,Mon,7891,5.21999979,5.21999979,0,0,0,5.21999979,0,0,0,383,1057,383,2066
4558609924,5/3/16,Tue,5267,3.480000019,3.480000019,0,0.600000024,0.280000001,2.599999905,0,21,10,237,1172,268,1953
4558609924,5/4/16,Wed,5232,3.460000038,3.460000038,0,0,0,3.460000038,0,0,0,252,1188,252,1842
4558609924,5/5/16,Thu,10611,7.010000229,7.010000229,0,1.00999999,0.5,5.510000229,0,14,8,370,1048,392,2262
4558609924,5/6/16,Fri,3755,2.480000019,2.480000019,0,0,0,2.480000019,0,0,0,202,1238,202,1722
4558609924,5/7/16,Sat,8237,5.440000057,5.440000057,0,1.610000014,1,2.829999924,0,23,16,233,1116,272,1973
4558609924,5/8/16,Sun,6543,4.329999924,4.329999924,0,1.799999952,0.5,2.019999981,0,66,35,238,1019,339,2666
4558609924,5/9/16,Mon,11451,7.570000172,7.570000172,0,0.430000007,1.620000005,5.519999981,0,6,30,339,1065,375,2223
4558609924,5/10/16,Tue,6435,4.25,4.25,0,0.74000001,1.120000005,2.390000105,0,11,18,220,1191,249,1889
4558609924,5/11/16,Wed,9108,6.019999981,6.019999981,0,0.25999999,1.820000052,3.940000057,0,4,31,324,1081,359,2131
4558609924,5/12/16,Thu,6307,4.170000076,4.170000076,0,0,0,4.170000076,0,0,0,247,736,247,1452
4702921684,4/12/16,Tue,7213,5.880000114,5.880000114,0,0,0,5.849999905,0,0,0,263,718,263,2947
4702921684,4/13/16,Wed,6877,5.579999924,5.579999924,0,0,0,5.579999924,0,0,0,258,777,258,2898
4702921684,4/14/16,Thu,7860,6.369999886,6.369999886,0,0,0,6.369999886,0,0,0,271,772,271,2984
4702921684,4/15/16,Fri,6506,5.28000021,5.28000021,0,0.07,0.419999987,4.789999962,0,1,8,256,944,265,2896
4702921684,4/16/16,Sat,11140,9.029999733,9.029999733,0,0.239999995,1.25,7.539999962,0,3,24,335,556,362,3328
4702921684,4/17/16,Sun,12692,10.28999996,10.28999996,0,0.959999979,3.460000038,5.880000114,0,12,66,302,437,380,3394
4702921684,4/18/16,Mon,9105,7.380000114,7.380000114,0,1.820000052,1.49000001,4.070000172,0,22,30,191,890,243,3013
4702921684,4/19/16,Tue,6708,5.440000057,5.440000057,0,0.879999995,0.370000005,4.190000057,0,10,8,179,757,197,2812
4702921684,4/20/16,Wed,8793,7.130000114,7.130000114,0,0.159999996,1.230000019,5.730000019,0,2,29,260,717,291,3061
4702921684,4/21/16,Thu,6530,5.300000191,5.300000191,0,0.310000002,2.049999952,2.940000057,0,4,41,144,901,189,2729
4702921684,4/22/16,Fri,1664,1.350000024,1.350000024,0,0,0,1.350000024,0,0,0,72,1341,72,2241
4702921684,4/23/16,Sat,15126,12.27000046,12.27000046,0,0.75999999,3.24000001,8.270000458,0,9,66,408,469,483,3691
4702921684,4/24/16,Sun,15050,12.22000027,12.22000027,0,1.200000048,5.119999886,5.880000114,0,15,95,281,542,391,3538
4702921684,4/25/16,Mon,9167,7.429999828,7.429999828,0,0.49000001,0.819999993,6.110000134,0,6,15,270,730,291,3064
4702921684,4/26/16,Tue,6108,4.949999809,4.949999809,0,0.07,0.349999994,4.539999962,0,1,8,216,765,225,2784
4702921684,4/27/16,Wed,7047,5.71999979,5.71999979,0,0.090000004,0.800000012,4.78000021,0,1,16,238,733,255,2908
4702921684,4/28/16,Thu,9023,7.320000172,7.320000172,0,1.129999995,0.419999987,5.769999981,0,14,9,232,738,255,3033
4702921684,4/29/16,Fri,9930,8.050000191,8.050000191,0,1.059999943,0.920000017,6.070000172,0,12,19,267,692,298,3165
4702921684,4/30/16,Sat,10144,8.229999542,8.229999542,0,0.319999993,2.029999971,5.880000114,0,4,36,263,728,303,3115
4702921684,5/1/16,Sun,0,0,0,0,0,0,0,0,0,0,0,1440,0,2017
4702921684,5/2/16,Mon,7245,5.920000076,5.920000076,0,0.379999995,1.74000001,3.75999999,0,5,40,195,1131,240,2859
4702921684,5/3/16,Tue,9454,7.670000076,7.670000076,0,0,0,7.670000076,0,0,0,313,729,313,3145
4702921684,5/4/16,Wed,8161,6.619999886,6.619999886,0,0.340000004,0.730000019,5.539999962,0,4,15,251,757,270,3004
4702921684,5/5/16,Thu,8614,6.989999771,6.989999771,0,0.670000017,0.219999999,6.090000153,0,8,5,241,745,254,3006
4702921684,5/6/16,Fri,6943,5.630000114,5.630000114,0,0.079999998,0.660000026,4.869999886,0,1,16,207,682,224,2859
4702921684,5/7/16,Sat,14370,11.64999962,11.64999962,0,0.370000005,2.309999943,8.970000267,0,5,46,439,577,490,3683
4702921684,5/8/16,Sun,12857,10.43000031,10.43000031,0,0.680000007,6.210000038,3.539999962,0,9,125,192,1019,326,3287
4702921684,5/9/16,Mon,8232,6.679999828,6.679999828,0,0,0.569999993,6.099999905,0,0,12,253,746,265,2990
4702921684,5/10/16,Tue,10613,8.609999657,8.609999657,0,0.079999998,1.879999995,6.650000095,0,1,37,262,701,300,3172
4702921684,5/11/16,Wed,9810,7.960000038,7.960000038,0,0.779999971,2.160000086,4.980000019,0,10,41,235,784,286,3069
4702921684,5/12/16,Thu,2752,2.230000019,2.230000019,0,0,0,2.230000019,0,0,0,68,241,68,1240
5553957443,4/12/16,Tue,11596,7.570000172,7.570000172,0,1.370000005,0.790000021,5.409999847,0,19,13,277,767,309,2026
5553957443,4/13/16,Wed,4832,3.160000086,3.160000086,0,0,0,3.160000086,0,0,0,226,647,226,1718
5553957443,4/14/16,Thu,17022,11.11999989,11.11999989,0,4,2.450000048,4.670000076,0,61,41,256,693,358,2324
5553957443,4/15/16,Fri,16556,10.85999966,10.85999966,0,4.159999847,1.980000019,4.710000038,0,58,38,239,689,335,2254
5553957443,4/16/16,Sat,5771,3.769999981,3.769999981,0,0,0,3.769999981,0,0,0,288,521,288,1831
5553957443,4/17/16,Sun,655,0.430000007,0.430000007,0,0,0,0.430000007,0,0,0,46,943,46,1397
5553957443,4/18/16,Mon,3727,2.430000067,2.430000067,0,0,0,2.430000067,0,0,0,206,622,206,1683
5553957443,4/19/16,Tue,15482,10.10999966,10.10999966,0,4.28000021,1.659999967,4.179999828,0,69,28,249,756,346,2284
5553957443,4/20/16,Wed,2713,1.769999981,1.769999981,0,0,0,1.769999981,0,0,0,148,598,148,1570
5553957443,4/21/16,Thu,12346,8.06000042,8.06000042,0,2.950000048,2.160000086,2.960000038,0,47,42,177,801,266,2066
5553957443,4/22/16,Fri,11682,7.630000114,7.630000114,0,1.379999995,0.629999995,5.599999905,0,25,16,270,781,311,2105
5553957443,4/23/16,Sat,4112,2.690000057,2.690000057,0,0,0,2.680000067,0,0,0,272,443,272,1776
5553957443,4/24/16,Sun,1807,1.179999948,1.179999948,0,0,0,1.179999948,0,0,0,104,582,104,1507
5553957443,4/25/16,Mon,10946,7.190000057,7.190000057,0,2.930000067,0.569999993,3.690000057,0,51,11,201,732,263,2033
5553957443,4/26/16,Tue,11886,7.760000229,7.760000229,0,2.369999886,0.930000007,4.460000038,0,40,18,238,750,296,2093
5553957443,4/27/16,Wed,10538,6.880000114,6.880000114,0,1.139999986,1,4.739999771,0,16,16,206,745,238,1922
5553957443,4/28/16,Thu,11393,7.630000114,7.630000114,0,3.710000038,0.75,3.170000076,0,49,13,165,727,227,1999
5553957443,4/29/16,Fri,12764,8.329999924,8.329999924,0,2.789999962,0.639999986,4.909999847,0,46,15,270,709,331,2169
5553957443,4/30/16,Sat,1202,0.779999971,0.779999971,0,0,0,0.779999971,0,0,0,84,506,84,1463
5553957443,5/1/16,Sun,5164,3.369999886,3.369999886,0,0,0,3.369999886,0,0,0,237,436,237,1747
5553957443,5/2/16,Mon,9769,6.380000114,6.380000114,0,1.059999943,0.409999996,4.900000095,0,23,9,227,724,259,1996
5553957443,5/3/16,Tue,12848,8.390000343,8.390000343,0,1.5,1.200000048,5.679999828,0,26,29,247,812,302,2116
5553957443,5/4/16,Wed,4249,2.769999981,2.769999981,0,0,0,2.769999981,0,0,0,224,651,224,1698
5553957443,5/5/16,Thu,14331,9.510000229,9.510000229,0,3.430000067,1.659999967,4.429999828,0,44,29,241,692,314,2156
5553957443,5/6/16,Fri,9632,6.289999962,6.289999962,0,1.519999981,0.540000021,4.230000019,0,21,9,229,761,259,1916
5553957443,5/7/16,Sat,1868,1.220000029,1.220000029,0,0,0,1.220000029,0,0,0,96,902,96,1494
5553957443,5/8/16,Sun,6083,4,4,0,0.219999999,0.469999999,3.299999952,0,3,8,210,505,221,1762
5553957443,5/9/16,Mon,11611,7.579999924,7.579999924,0,2.130000114,0.889999986,4.559999943,0,59,22,251,667,332,2272
5553957443,5/10/16,Tue,16358,10.71000004,10.71000004,0,3.869999886,1.610000014,5.199999809,0,61,40,265,707,366,2335
5553957443,5/11/16,Wed,4926,3.220000029,3.220000029,0,0,0,3.220000029,0,0,0,195,628,195,1693
5553957443,5/12/16,Thu,3121,2.039999962,2.039999962,0,0.579999983,0.400000006,1.059999943,0,8,6,48,222,62,741
5577150313,4/12/16,Tue,8135,6.079999924,6.079999924,0,3.599999905,0.379999995,2.099999905,0,86,16,140,728,242,3405
5577150313,4/13/16,Wed,5077,3.789999962,3.789999962,0,0.319999993,0.219999999,3.25,0,15,11,144,776,170,2551
5577150313,4/14/16,Thu,8596,6.420000076,6.420000076,0,3.329999924,0.310000002,2.779999971,0,118,30,176,662,324,4022
5577150313,4/15/16,Fri,12087,9.079999924,9.079999924,0,3.920000076,1.600000024,3.559999943,0,115,54,199,695,368,4005
5577150313,4/16/16,Sat,14269,10.65999985,10.65999985,0,6.639999866,1.279999971,2.730000019,0,184,56,158,472,398,4274
5577150313,4/17/16,Sun,12231,9.140000343,9.140000343,0,5.980000019,0.829999983,2.319999933,0,200,37,159,525,396,4552
5577150313,4/18/16,Mon,9893,7.389999866,7.389999866,0,4.860000134,0.720000029,1.820000052,0,114,32,130,623,276,3625
5577150313,4/19/16,Tue,12574,9.420000076,9.420000076,0,7.019999981,0.639999986,1.75999999,0,108,23,111,733,242,3501
5577150313,4/20/16,Wed,8330,6.21999979,6.21999979,0,4.119999886,0.340000004,1.75999999,0,87,16,113,773,216,3192
5577150313,4/21/16,Thu,10830,8.090000153,8.090000153,0,3.650000095,1.659999967,2.779999971,0,110,74,175,670,359,4018
5577150313,4/22/16,Fri,9172,6.849999905,6.849999905,0,2.420000076,0.790000021,3.299999952,0,62,30,200,823,292,3329
5577150313,4/23/16,Sat,7638,5.710000038,5.710000038,0,1.210000038,0.360000014,4.139999866,0,24,24,223,627,271,3152
5577150313,4/24/16,Sun,15764,11.77999973,11.77999973,0,7.650000095,2.150000095,1.980000019,0,210,65,141,425,416,4392
5577150313,4/25/16,Mon,6393,4.78000021,4.78000021,0,1.350000024,0.670000017,2.75999999,0,61,38,214,743,313,3374
5577150313,4/26/16,Tue,5325,3.980000019,3.980000019,0,0.850000024,0.649999976,2.470000029,0,38,32,181,759,251,3088
5577150313,4/27/16,Wed,6805,5.139999866,5.139999866,0,1.809999943,0.400000006,2.930000067,0,63,16,190,773,269,3294
5577150313,4/28/16,Thu,9841,7.429999828,7.429999828,0,3.25,1.169999957,3.00999999,0,99,51,141,692,291,3580
5577150313,4/29/16,Fri,7924,5.920000076,5.920000076,0,2.839999914,0.610000014,2.470000029,0,97,36,165,739,298,3544
5577150313,4/30/16,Sat,12363,9.239999771,9.239999771,0,5.829999924,0.790000021,2.609999895,0,207,45,163,621,415,4501
5577150313,5/1/16,Sun,13368,9.989999771,9.989999771,0,5.309999943,1.440000057,3.24000001,0,194,72,178,499,444,4546
5577150313,5/2/16,Mon,7439,5.559999943,5.559999943,0,1.120000005,0.349999994,4.070000172,0,37,20,235,732,292,3014
5577150313,5/3/16,Tue,11045,8.25,8.25,0,4.519999981,0.150000006,3.569999933,0,97,8,212,580,317,3795
5577150313,5/4/16,Wed,5206,3.890000105,3.890000105,0,1.559999943,0.25,2.079999924,0,25,9,141,631,175,2755
5577150313,5/5/16,Thu,7550,5.639999866,5.639999866,0,2.5,0.469999999,2.670000076,0,45,21,143,1153,209,3004
5577150313,5/6/16,Fri,4950,3.700000048,3.700000048,0,1.929999948,0.319999993,1.450000048,0,41,16,79,1304,136,2643
5577150313,5/7/16,Sat,0,0,0,0,0,0,0,0,0,0,0,1440,0,1819
5577150313,5/8/16,Sun,0,0,0,0,0,0,0,0,0,0,0,1440,0,1819
5577150313,5/9/16,Mon,3421,2.559999943,2.559999943,0,1.429999948,0.140000001,0.99000001,0,34,11,70,1099,115,2489
5577150313,5/10/16,Tue,8869,6.650000095,6.650000095,0,2.559999943,0.75,3.349999905,0,104,37,194,639,335,3841
5577150313,5/11/16,Wed,4038,3.039999962,3.039999962,0,1.830000043,0.300000012,0.889999986,0,45,15,63,257,123,1665
6117666160,4/12/16,Tue,0,0,0,0,0,0,0,0,0,0,0,1440,0,1496
6117666160,4/13/16,Wed,0,0,0,0,0,0,0,0,0,0,0,1440,0,1496
6117666160,4/14/16,Thu,0,0,0,0,0,0,0,0,0,0,0,1440,0,1496
6117666160,4/15/16,Fri,14019,10.59000015,10.59000015,0,0,0.280000001,10.30000019,0,0,6,513,921,519,2865
6117666160,4/16/16,Sat,14450,10.90999985,10.90999985,0,0.579999983,0.850000024,9.479999542,0,7,15,518,502,540,2828
6117666160,4/17/16,Sun,7150,5.400000095,5.400000095,0,0,0,5.400000095,0,0,0,312,702,312,2225
6117666160,4/18/16,Mon,5153,3.910000086,3.910000086,0,0,0,3.890000105,0,0,0,241,759,241,2018
6117666160,4/19/16,Tue,11135,8.409999847,8.409999847,0,0,0,8.409999847,0,0,0,480,425,480,2606
6117666160,4/20/16,Wed,10449,8.020000458,8.020000458,0,2.029999971,0.479999989,5.519999981,0,26,10,349,587,385,2536
6117666160,4/21/16,Thu,19542,15.01000023,15.01000023,0,0.980000019,0.400000006,5.619999886,0,11,19,294,579,324,4900
6117666160,4/22/16,Fri,8206,6.199999809,6.199999809,0,0,0,6.199999809,0,0,0,402,413,402,2409
6117666160,4/23/16,Sat,11495,8.680000305,8.680000305,0,0,0,8.680000305,0,0,0,512,468,512,2651
6117666160,4/24/16,Sun,7623,5.760000229,5.760000229,0,0,0,5.760000229,0,0,0,362,711,362,2305
6117666160,4/25/16,Mon,0,0,0,0,0,0,0,0,0,0,0,1440,0,1497
6117666160,4/26/16,Tue,9543,7.210000038,7.210000038,0,0,0.340000004,6.869999886,0,0,7,352,1077,359,2450
6117666160,4/27/16,Wed,9411,7.110000134,7.110000134,0,0,0,7.110000134,0,0,0,458,417,458,2576
6117666160,4/28/16,Thu,3403,2.599999905,2.599999905,0,0,0,2.599999905,0,0,0,141,758,141,1879
6117666160,4/29/16,Fri,9592,7.239999771,7.239999771,0,0,0,7.239999771,0,0,0,461,479,461,2560
6117666160,4/30/16,Sat,6987,5.28000021,5.28000021,0,0,0,5.28000021,0,0,0,343,1040,343,2275
6117666160,5/1/16,Sun,8915,6.730000019,6.730000019,0,0,0,6.730000019,0,0,0,397,525,397,2361
6117666160,5/2/16,Mon,4933,3.730000019,3.730000019,0,0,0,3.730000019,0,0,0,236,1204,236,2044
6117666160,5/3/16,Tue,0,0,0,0,0,0,0,0,0,0,0,1440,0,1496
6117666160,5/4/16,Wed,2997,2.25999999,2.25999999,0,0,0,2.25999999,0,0,0,156,1279,156,1902
6117666160,5/5/16,Thu,9799,7.400000095,7.400000095,0,0,0,7.400000095,0,0,0,487,479,487,2636
6117666160,5/6/16,Fri,3365,2.680000067,2.680000067,0,0,0,2.680000067,0,0,0,133,673,133,1838
6117666160,5/7/16,Sat,7336,5.539999962,5.539999962,0,0,0,5.539999962,0,0,0,412,456,412,2469
6117666160,5/8/16,Sun,7328,5.53000021,5.53000021,0,0,0,5.53000021,0,0,0,318,517,318,2250
6117666160,5/9/16,Mon,4477,3.380000114,3.380000114,0,0,0,3.380000114,0,0,0,197,125,197,1248
6290855005,4/12/16,Tue,4562,3.450000048,3.450000048,0,0,0,3.450000048,0,0,0,199,1241,199,2560
6290855005,4/13/16,Wed,7142,5.400000095,5.400000095,0,0,0,5.389999866,0.01,0,0,350,1090,350,2905
6290855005,4/14/16,Thu,7671,5.800000191,5.800000191,0,0,0,5.769999981,0.029999999,0,0,363,1077,363,2952
6290855005,4/15/16,Fri,9501,7.179999828,7.179999828,0,0,0,7.170000076,0.01,0,0,328,1112,328,2896
6290855005,4/16/16,Sat,8301,6.28000021,6.28000021,0,0,0,6.269999981,0.01,0,0,258,1182,258,2783
6290855005,4/17/16,Sun,7851,5.940000057,5.940000057,0,1.139999986,0.790000021,4,0,31,12,225,1172,268,3171
6290855005,4/18/16,Mon,6885,5.210000038,5.210000038,0,0,0,5.190000057,0.02,0,0,271,1169,271,2766
6290855005,4/19/16,Tue,7142,5.400000095,5.400000095,0,0,0,5.389999866,0.01,0,0,321,1119,321,2839
6290855005,4/20/16,Wed,6361,4.809999943,4.809999943,0,0,0,4.800000191,0.01,0,0,258,1182,258,2701
6290855005,4/21/16,Thu,0,0,0,0,0,0,0,0,0,0,0,1440,0,2060
6290855005,4/22/16,Fri,6238,4.71999979,4.71999979,0,0,0,4.71999979,0,0,0,302,1138,302,2796
6290855005,4/23/16,Sat,0,0,0,0,0,0,0,0,33,0,0,1407,33,2664
6290855005,4/24/16,Sun,5896,4.460000038,4.460000038,0,0,0,4.460000038,0,0,0,258,1182,258,2703
6290855005,4/25/16,Mon,7802,5.900000095,5.900000095,0,0.680000007,0.180000007,5.03000021,0.01,8,3,249,1180,260,2771
6290855005,4/26/16,Tue,0,0,0,0,0,0,0,0,0,0,0,1440,0,2060
6290855005,4/27/16,Wed,5565,4.210000038,4.210000038,0,0,0,4.179999828,0.029999999,0,0,287,1153,287,2743
6290855005,4/28/16,Thu,5731,4.329999924,4.329999924,0,0,0,4.329999924,0,0,0,255,1185,255,2687
6290855005,4/29/16,Fri,0,0,0,0,0,0,0,0,0,0,0,1440,0,2060
6290855005,4/30/16,Sat,6744,5.099999905,5.099999905,0,0,0,5.090000153,0.01,0,0,324,1116,324,2843
6290855005,5/1/16,Sun,9837,7.440000057,7.440000057,0,0.660000026,2.75,4,0.02,8,95,282,1055,385,3327
6290855005,5/2/16,Mon,6781,5.130000114,5.130000114,0,0,0,5.110000134,0.02,0,0,268,1172,268,2725
6290855005,5/3/16,Tue,6047,4.570000172,4.570000172,0,0,0,4.570000172,0,0,0,240,1200,240,2671
6290855005,5/4/16,Wed,5832,4.409999847,4.409999847,0,0,0,4.400000095,0.01,0,0,272,1168,272,2718
6290855005,5/5/16,Thu,6339,4.789999962,4.789999962,0,0,0,4.789999962,0,0,0,239,1201,239,2682
6290855005,5/6/16,Fri,6116,4.619999886,4.619999886,0,0,0,4.590000153,0.029999999,0,0,305,1135,305,2806
6290855005,5/7/16,Sat,5510,4.170000076,4.170000076,0,0,0,4.159999847,0,0,0,227,1213,227,2613
6290855005,5/8/16,Sun,7706,5.829999924,5.829999924,0,0,0,5.820000172,0,0,0,251,1189,251,2712
6290855005,5/9/16,Mon,6277,4.75,4.75,0,0,0,4.730000019,0.02,0,0,264,800,264,2175
6290855005,5/10/16,Tue,0,0,0,0,0,0,0,0,0,0,0,1440,0,0
6775888955,4/12/16,Tue,0,0,0,0,0,0,0,0,0,0,0,1440,0,1841
6775888955,4/13/16,Wed,4053,2.910000086,2.910000086,0,1.110000014,0.579999983,1.220000029,0,17,18,85,1053,120,2400
6775888955,4/14/16,Thu,5162,3.700000048,3.700000048,0,0.870000005,0.860000014,1.970000029,0,14,24,105,863,143,2507
6775888955,4/15/16,Fri,1282,0.920000017,0.920000017,0,0,0,0.920000017,0,0,0,58,976,58,2127
6775888955,4/16/16,Sat,4732,3.390000105,3.390000105,0,2.519999981,0.810000002,0.059999999,0,36,18,9,1377,63,2225
6775888955,4/17/16,Sun,2497,1.789999962,1.789999962,0,0.349999994,1.129999995,0.310000002,0,5,24,19,1392,48,2067
6775888955,4/18/16,Mon,8294,5.949999809,5.949999809,0,2,0.769999981,3.170000076,0,30,31,146,1233,207,2798
6775888955,4/19/16,Tue,0,0,0,0,0,0,0,0,0,0,0,1440,0,1841
6775888955,4/20/16,Wed,10771,7.71999979,7.71999979,0,3.769999981,1.74000001,2.220000029,0,70,113,178,1079,361,3727
6775888955,4/21/16,Thu,0,0,0,0,0,0,0,0,0,0,0,1440,0,1841
6775888955,4/22/16,Fri,637,0.460000008,0.460000008,0,0,0,0.460000008,0,0,0,20,1420,20,1922
6775888955,4/23/16,Sat,0,0,0,0,0,0,0,0,0,0,0,1440,0,1841
6775888955,4/24/16,Sun,2153,1.539999962,1.539999962,0,0.769999981,0.620000005,0.150000006,0,11,18,11,1400,40,2053
6775888955,4/25/16,Mon,6474,4.639999866,4.639999866,0,2.269999981,0.460000008,1.899999976,0,33,13,92,1302,138,2484
6775888955,4/26/16,Tue,7091,5.269999981,5.269999981,1.959596038,3.480000019,0.870000005,0.730000019,0,42,30,47,1321,119,2584
6775888955,4/27/16,Wed,0,0,0,0,0,0,0,0,0,0,0,1440,0,1841
6775888955,4/28/16,Thu,703,0.5,0.5,0,0.059999999,0.200000003,0.239999995,0,2,13,15,1410,30,1993
6775888955,4/29/16,Fri,0,0,0,0,0,0,0,0,0,0,0,1440,0,1841
6775888955,4/30/16,Sat,2503,1.789999962,1.789999962,0,0.159999996,0.159999996,1.480000019,0,3,9,84,1344,96,2280
6775888955,5/1/16,Sun,2487,1.779999971,1.779999971,0,0.479999989,0.620000005,0.680000007,0,9,34,50,1347,93,2319
6775888955,5/2/16,Mon,0,0,0,0,0,0,0,0,0,0,0,1440,0,1841
6775888955,5/3/16,Tue,9,0.01,0.01,0,0,0,0.01,0,0,0,1,1439,1,1843
6775888955,5/4/16,Wed,0,0,0,0,0,0,0,0,0,0,0,1440,0,1841
6775888955,5/5/16,Thu,0,0,0,0,0,0,0,0,0,0,0,1440,0,1841
6775888955,5/6/16,Fri,4697,3.369999886,3.369999886,0,0.469999999,0.930000007,1.929999948,0,12,35,75,1318,122,2496
6775888955,5/7/16,Sat,1967,1.409999967,1.409999967,0,0.129999995,0.239999995,1.049999952,0,2,5,49,551,56,1032
6962181067,4/12/16,Tue,10199,6.739999771,6.739999771,0,3.400000095,0.829999983,2.50999999,0,50,14,189,796,253,1994
6962181067,4/13/16,Wed,5652,3.74000001,3.74000001,0,0.569999993,1.210000038,1.960000038,0,8,24,142,548,174,1718
6962181067,4/14/16,Thu,1551,1.029999971,1.029999971,0,0,0,1.029999971,0,0,0,86,862,86,1466
6962181067,4/15/16,Fri,5563,3.680000067,3.680000067,0,0,0,3.680000067,0,0,0,217,837,217,1756
6962181067,4/16/16,Sat,13217,8.739999771,8.739999771,0,3.660000086,0.189999998,4.880000114,0,50,3,280,741,333,2173
6962181067,4/17/16,Sun,10145,6.710000038,6.710000038,0,0.330000013,0.680000007,5.690000057,0,5,13,295,634,313,2027
6962181067,4/18/16,Mon,11404,7.539999962,7.539999962,0,0.829999983,2.390000105,4.320000172,0,13,42,238,689,293,2039
6962181067,4/19/16,Tue,10742,7.099999905,7.099999905,0,2.099999905,2.130000114,2.869999886,0,35,41,195,659,271,2046
6962181067,4/20/16,Wed,13928,9.550000191,9.550000191,0,4.28000021,0.189999998,5.090000153,0,48,4,297,639,349,2174
6962181067,4/21/16,Thu,11835,9.710000038,7.880000114,4.081692219,3.99000001,2.099999905,3.50999999,0.109999999,53,27,214,708,294,2179
6962181067,4/22/16,Fri,10725,7.090000153,7.090000153,0,1.769999981,1.549999952,3.769999981,0,30,33,240,659,303,2086
6962181067,4/23/16,Sat,20031,13.23999977,13.23999977,0,4.199999809,2,7.039999962,0,58,41,347,484,446,2571
6962181067,4/24/16,Sun,5029,3.319999933,3.319999933,0,0,0,3.319999933,0,0,0,199,720,199,1705
6962181067,4/25/16,Mon,13239,9.270000458,9.079999924,2.785175085,3.019999981,1.679999948,4.460000038,0.100000001,35,31,282,637,348,2194
6962181067,4/26/16,Tue,10433,6.900000095,6.900000095,0,2.579999924,0.419999987,3.900000095,0,36,7,254,680,297,2012
6962181067,4/27/16,Wed,10320,6.820000172,6.820000172,0,0.550000012,2.019999981,4.25,0,7,38,279,697,324,2034
6962181067,4/28/16,Thu,12627,8.350000381,8.350000381,0,2.50999999,0.239999995,5.590000153,0,38,8,288,621,334,2182
6962181067,4/29/16,Fri,10762,7.110000134,7.110000134,0,0.819999993,0.479999989,5.809999943,0,12,15,369,645,396,2254
6962181067,4/30/16,Sat,10081,6.659999847,6.659999847,0,2.24000001,0.75999999,3.670000076,0,32,16,237,731,285,2002
6962181067,5/1/16,Sun,5454,3.609999895,3.609999895,0,0,0,3.609999895,0,0,0,215,722,215,1740
6962181067,5/2/16,Mon,12912,8.539999962,8.539999962,0,1.200000048,2,5.340000153,0,18,39,313,655,370,2162
6962181067,5/3/16,Tue,12109,8.119999886,8.119999886,0,1.74000001,2.039999962,4.329999924,0,21,36,267,654,324,2072
6962181067,5/4/16,Wed,10147,6.710000038,6.710000038,0,0.469999999,1.679999948,4.550000191,0,15,36,284,683,335,2086
6962181067,5/5/16,Thu,10524,6.960000038,6.960000038,0,0.99000001,1.159999967,4.809999943,0,14,22,305,591,341,2066
6962181067,5/6/16,Fri,5908,3.910000086,3.910000086,0,0,0,3.910000086,0,0,0,299,717,299,1850
6962181067,5/7/16,Sat,6815,4.5,4.5,0,0,0,4.5,0,0,0,328,745,328,1947
6962181067,5/8/16,Sun,4188,2.769999981,2.769999981,0,0,0.519999981,2.25,0,0,14,151,709,165,1659
6962181067,5/9/16,Mon,12342,8.720000267,8.680000305,3.167821884,3.900000095,1.179999948,3.650000095,0,43,21,231,607,295,2105
6962181067,5/10/16,Tue,15448,10.21000004,10.21000004,0,3.470000029,1.75,4.989999771,0,62,34,275,626,371,2361
6962181067,5/11/16,Wed,6722,4.440000057,4.440000057,0,1.49000001,0.310000002,2.650000095,0,24,7,199,709,230,1855
6962181067,5/12/16,Thu,3587,2.369999886,2.369999886,0,0,0.25,2.109999895,0,0,8,105,127,113,928
7007744171,4/12/16,Tue,14172,10.28999996,9.479999542,4.869782925,4.5,0.379999995,5.409999847,0,53,8,355,1024,416,2937
7007744171,4/13/16,Wed,12862,9.649999619,8.600000381,4.851306915,4.610000134,0.560000002,4.480000019,0,56,22,261,1101,339,2742
7007744171,4/14/16,Thu,11179,8.239999771,7.480000019,3.285414934,2.950000048,0.340000004,4.960000038,0,34,6,304,1096,344,2668
7007744171,4/15/16,Fri,5273,3.529999971,3.529999971,0,0,0,3.529999971,0,0,0,202,1238,202,2098
7007744171,4/16/16,Sat,4631,3.099999905,3.099999905,0,0,0,3.099999905,0,0,0,203,1155,203,2076
7007744171,4/17/16,Sun,8059,5.389999866,5.389999866,0,0,0,5.389999866,0,0,0,305,1135,305,2383
7007744171,4/18/16,Mon,14816,10.97999954,9.909999847,4.930550098,3.789999962,2.119999886,5.050000191,0.02,48,31,284,1077,363,2832
7007744171,4/19/16,Tue,14194,10.47999954,9.5,4.94214201,4.409999847,0.75999999,5.309999943,0,53,17,304,1066,374,2812
7007744171,4/20/16,Wed,15566,11.31000042,10.40999985,4.924840927,4.789999962,0.670000017,5.860000134,0,60,33,347,1000,440,3096
7007744171,4/21/16,Thu,13744,9.18999958,9.18999958,0,2.150000095,1.870000005,5.170000076,0,30,34,327,1049,391,2763
7007744171,4/22/16,Fri,15299,10.23999977,10.23999977,0,4.099999905,1.75999999,4.369999886,0,64,50,261,1065,375,2889
7007744171,4/23/16,Sat,8093,5.409999847,5.409999847,0,0.129999995,1.129999995,4.150000095,0,2,25,223,1190,250,2284
7007744171,4/24/16,Sun,11085,7.420000076,7.420000076,0,0,0,7.420000076,0,0,0,419,1021,419,2667
7007744171,4/25/16,Mon,18229,13.34000015,12.19999981,4.861792088,4.309999943,1.370000005,7.670000076,0,51,24,379,986,454,3055
7007744171,4/26/16,Tue,15090,10.10000038,10.10000038,0,0.930000007,0.939999998,8.229999542,0,16,22,424,978,462,2939
7007744171,4/27/16,Wed,13541,10.22000027,9.06000042,4.885604858,4.269999981,0.660000026,5.289999962,0,50,12,337,1041,399,2830
7007744171,4/28/16,Thu,15128,10.11999989,10.11999989,0,1.090000033,0.769999981,8.260000229,0,16,16,401,1007,433,2836
7007744171,4/29/16,Fri,20067,14.30000019,13.42000008,4.911146164,4.309999943,2.049999952,7.949999809,0,55,42,382,961,479,3180
7007744171,4/30/16,Sat,3761,2.519999981,2.519999981,0,0,0,2.519999981,0,0,0,200,1240,200,2051
7007744171,5/1/16,Sun,5600,3.75,3.75,0,0,0,3.75,0,0,0,237,1142,237,2225
7007744171,5/2/16,Mon,13041,9.180000305,8.720000267,2.832325935,4.639999866,0.699999988,3.829999924,0,64,14,250,1112,328,2642
7007744171,5/3/16,Tue,14510,10.86999989,9.710000038,4.912367821,4.480000019,1.019999981,5.360000134,0,58,31,330,1021,419,2976
7007744171,5/4/16,Wed,0,0,0,0,0,0,0,0,0,0,0,1440,0,1557
7007744171,5/5/16,Thu,15010,11.10000038,10.03999996,4.878232002,4.329999924,1.289999962,5.480000019,0,53,23,317,1047,393,2933
7007744171,5/6/16,Fri,11459,7.670000076,7.670000076,0,3,0.810000002,3.859999895,0,44,13,247,1136,304,2553
7007744171,5/7/16,Sat,0,0,0,0,0,0,0,0,0,0,0,111,0,120
7086361926,4/12/16,Tue,11317,8.409999847,8.409999847,0,5.269999981,0.150000006,2.970000029,0,59,6,153,745,218,2772
7086361926,4/13/16,Wed,5813,3.619999886,3.619999886,0,0.560000002,0.209999993,2.839999914,0,31,26,155,744,212,2516
7086361926,4/14/16,Thu,9123,6.119999886,6.119999886,0,2.029999971,0.330000013,3.660000086,0,35,32,189,787,256,2734
7086361926,4/15/16,Fri,8585,5.670000076,5.670000076,0,2.039999962,1.110000014,2.529999971,0,30,21,139,864,190,2395
7086361926,4/16/16,Sat,31,0.01,0.01,0,0,0,0.01,0,0,0,3,1437,3,1635
7086361926,4/17/16,Sun,0,0,0,0,0,0,0,0,0,0,0,1440,0,1629
7086361926,4/18/16,Mon,9827,6.710000038,6.710000038,0,3.170000076,1.220000029,2.309999943,0,61,51,114,1136,226,2743
7086361926,4/19/16,Tue,10688,7.289999962,7.289999962,0,3.529999971,1.230000019,2.50999999,0,67,69,124,671,260,2944
7086361926,4/20/16,Wed,14365,10.64000034,10.64000034,0,7.639999866,0.449999988,2.539999962,0,87,13,145,797,245,2997
7086361926,4/21/16,Thu,9469,6.179999828,6.179999828,0,1.360000014,0.300000012,4.510000229,0,19,6,206,758,231,2463
7086361926,4/22/16,Fri,9753,6.53000021,6.53000021,0,2.869999886,0.970000029,2.670000076,0,58,59,153,762,270,2846
7086361926,4/23/16,Sat,2817,1.809999943,1.809999943,0,0,0,1.799999952,0,0,0,90,1350,90,1965
7086361926,4/24/16,Sun,3520,2.160000086,2.160000086,0,0,0,2.150000095,0,0,0,125,566,125,2049
7086361926,4/25/16,Mon,10091,6.820000172,6.820000172,0,3.75,0.699999988,2.369999886,0,69,39,129,706,237,2752
7086361926,4/26/16,Tue,10387,7.070000172,7.070000172,0,4.159999847,0.769999981,2.119999886,0,70,33,132,726,235,2781
7086361926,4/27/16,Wed,11107,8.340000153,8.340000153,0,5.630000114,0.180000007,2.529999971,0,55,6,145,829,206,2693
7086361926,4/28/16,Thu,11584,7.800000191,7.800000191,0,2.789999962,1.639999986,3.359999895,0,54,48,161,810,263,2862
7086361926,4/29/16,Fri,7881,4.949999809,4.949999809,0,0.49000001,0.449999988,4,0,24,36,182,1198,242,2616
7086361926,4/30/16,Sat,14560,9.409999847,9.409999847,0,3.119999886,1.039999962,5.239999771,0,42,17,308,584,367,2995
7086361926,5/1/16,Sun,12390,8.069999695,8.069999695,0,2.299999952,0.899999976,4.849999905,0,30,15,258,685,303,2730
7086361926,5/2/16,Mon,10052,6.809999943,6.809999943,0,3.480000019,0.660000026,2.660000086,0,66,26,139,737,231,2754
7086361926,5/3/16,Tue,10288,6.760000229,6.760000229,0,2.74000001,0.850000024,3.160000086,0,57,36,152,761,245,2754
7086361926,5/4/16,Wed,10988,8.31000042,8.31000042,0,5.28000021,0.119999997,2.900000095,0,45,12,135,843,192,2655
7086361926,5/5/16,Thu,8564,5.599999905,5.599999905,0,1.779999971,0.829999983,2.950000048,0,24,14,149,1253,187,2386
7086361926,5/6/16,Fri,12461,8.380000114,8.380000114,0,3.819999933,1.429999948,3.119999886,0,84,35,154,834,273,2924
7086361926,5/7/16,Sat,12827,8.479999542,8.479999542,0,1.460000038,2.329999924,4.679999828,0,20,42,209,621,271,2739
7086361926,5/8/16,Sun,10677,7.099999905,7.099999905,0,2.309999943,1.529999971,3.25,0,32,27,147,695,206,2534
7086361926,5/9/16,Mon,13566,9.109999657,9.109999657,0,4.260000229,1.710000038,3.119999886,0,67,50,171,743,288,2960
7086361926,5/10/16,Tue,14433,10.78999996,10.78999996,0,7.110000134,1.200000048,2.450000048,0,72,23,106,1182,201,2800
7086361926,5/11/16,Wed,9572,6.519999981,6.519999981,0,2.890000105,1.389999986,2.230000019,0,57,40,128,757,225,2735
7086361926,5/12/16,Thu,3789,2.559999943,2.559999943,0,0.379999995,0.270000011,1.889999986,0,5,4,58,343,67,1199
8053475328,4/12/16,Tue,18060,14.11999989,14.11999989,0,11.64000034,0.389999986,2.099999905,0,116,8,123,1193,247,3186
8053475328,4/13/16,Wed,16433,13.35000038,13.35000038,0,10.43000031,0.469999999,2.450000048,0,95,12,156,1177,263,3140
8053475328,4/14/16,Thu,20159,15.97000027,15.97000027,0,12.34000015,0.209999993,3.359999895,0,119,5,193,1123,317,3411
8053475328,4/15/16,Fri,20669,16.23999977,16.23999977,0,13.26000023,0.389999986,2.589999914,0,132,8,158,1142,298,3410
8053475328,4/16/16,Sat,14549,11.10999966,11.10999966,0,9.359999657,0.270000011,1.49000001,0,96,6,83,1255,185,2867
8053475328,4/17/16,Sun,18827,13.68999958,13.68999958,0,9.239999771,0.800000012,3.640000105,0,111,21,195,1113,327,3213
8053475328,4/18/16,Mon,17076,12.65999985,12.65999985,0,9.079999924,0.230000004,3.349999905,0,102,6,195,1137,303,3133
8053475328,4/19/16,Tue,15929,12.47999954,12.47999954,0,9.220000267,0.310000002,2.950000048,0,90,7,191,1152,288,3114
8053475328,4/20/16,Wed,15108,12.18999958,12.18999958,0,9.579999924,0.230000004,2.380000114,0,89,5,158,695,252,3043
8053475328,4/21/16,Thu,16057,12.51000023,12.51000023,0,9.670000076,0.25,2.579999924,0,100,6,170,1164,276,3103
8053475328,4/22/16,Fri,10520,8.289999962,8.289999962,0,6.260000229,0.150000006,1.879999995,0,60,3,117,1260,180,2655
8053475328,4/23/16,Sat,22359,17.19000053,17.19000053,0,12.53999996,0.629999995,4.019999981,0,125,14,223,741,362,3554
8053475328,4/24/16,Sun,22988,17.95000076,17.95000076,0,13.13000011,1.549999952,3.25999999,0,129,33,182,1096,344,3577
8053475328,4/25/16,Mon,20500,15.68999958,15.68999958,0,11.36999989,0.460000008,3.859999895,0,118,9,209,1104,336,3403
8053475328,4/26/16,Tue,12685,9.619999886,9.619999886,0,6.309999943,0.200000003,3.099999905,0,68,5,185,1182,258,2846
8053475328,4/27/16,Wed,12422,9.819999695,9.819999695,0,6.460000038,0.430000007,2.930000067,0,60,10,183,1187,253,2852
8053475328,4/28/16,Thu,15447,12.39999962,12.39999962,0,9.670000076,0.389999986,2.349999905,0,90,9,153,1188,252,3062
8053475328,4/29/16,Fri,12315,9.649999619,9.649999619,0,6.170000076,0.310000002,3.170000076,0,58,8,159,1215,225,2794
8053475328,4/30/16,Sat,7135,5.590000153,5.590000153,0,2.99000001,0.059999999,2.539999962,0,27,1,131,1281,159,2408
8053475328,5/1/16,Sun,1170,0.850000024,0.850000024,0,0,0,0.850000024,0,0,0,51,1389,51,1886
8053475328,5/2/16,Mon,1969,1.429999948,1.429999948,0,0,0,1.429999948,0,0,0,95,1345,95,1988
8053475328,5/3/16,Tue,15484,11.89999962,11.89999962,0,8.390000343,0.930000007,2.589999914,0,87,22,165,1166,274,3023
8053475328,5/4/16,Wed,14581,11.14999962,11.14999962,0,8.819999695,0.400000006,1.909999967,0,89,8,123,1220,220,2918
8053475328,5/5/16,Thu,14990,11.51000023,11.51000023,0,8.850000381,0.449999988,2.210000038,0,93,9,130,1208,232,2950
8053475328,5/6/16,Fri,13953,11,11,0,9.100000381,0.689999998,1.210000038,0,90,15,90,1245,195,2859
8053475328,5/7/16,Sat,19769,15.67000008,15.67000008,0,12.43999958,0.879999995,2.349999905,0,121,20,148,1076,289,3331
8053475328,5/8/16,Sun,22026,17.64999962,17.64999962,0,13.39999962,0.589999974,3.660000086,0,125,14,228,1073,367,3589
8053475328,5/9/16,Mon,12465,9.380000114,9.380000114,0,6.119999886,0.569999993,2.690000057,0,66,12,148,1214,226,2765
8053475328,5/10/16,Tue,14810,11.35999966,11.35999966,0,9.090000153,0.419999987,1.850000024,0,96,10,115,1219,221,2926
8053475328,5/11/16,Wed,12209,9.399999619,9.399999619,0,6.079999924,0.280000001,3.039999962,0,60,7,184,1189,251,2809
8053475328,5/12/16,Thu,4998,3.910000086,3.910000086,0,2.950000048,0.200000003,0.75999999,0,28,4,39,839,71,1505
8253242879,4/12/16,Tue,9033,7.159999847,7.159999847,0,5.429999828,0.140000001,1.590000033,0,40,2,154,1244,196,2044
8253242879,4/13/16,Wed,8053,6.099999905,6.099999905,0,4.170000076,0.629999995,1.309999943,0,35,11,96,1298,142,1935
8253242879,4/14/16,Thu,5234,3.460000038,3.460000038,0,1.929999948,0.99000001,0.540000021,0,29,16,33,1362,78,1705
8253242879,4/15/16,Fri,2672,1.769999981,1.769999981,0,0,0,1.75999999,0,0,0,105,1335,105,1632
8253242879,4/16/16,Sat,9256,6.139999866,6.139999866,0,0.430000007,3.269999981,2.450000048,0,6,51,115,1268,172,1880
8253242879,4/17/16,Sun,10204,7.909999847,7.909999847,0,5.429999828,0.150000006,2.329999924,0,41,5,157,1237,203,2112
8253242879,4/18/16,Mon,5151,3.480000019,3.480000019,0,1.039999962,0.629999995,1.799999952,0,16,16,130,1278,162,1829
8253242879,4/19/16,Tue,4212,2.779999971,2.779999971,0,0,0,2.779999971,0,0,0,164,1276,164,1763
8253242879,4/20/16,Wed,6466,4.269999981,4.269999981,0,0.330000013,0.819999993,3.109999895,0.01,5,18,216,1201,239,1931
8253242879,4/21/16,Thu,11268,8.56000042,8.56000042,0,5.880000114,0.930000007,1.75,0,49,20,172,1199,241,2218
8253242879,4/22/16,Fri,2824,1.870000005,1.870000005,0,0,0,1.870000005,0,0,0,120,1320,120,1651
8253242879,4/23/16,Sat,9282,6.260000229,6.260000229,0,2.089999914,1.039999962,3.130000114,0,30,26,191,1193,247,2132
8253242879,4/24/16,Sun,8905,7.130000114,7.130000114,0,5.599999905,0.189999998,1.340000033,0,41,4,82,1313,127,1976
8253242879,4/25/16,Mon,6829,4.510000229,4.510000229,0,0.360000014,2.390000105,1.769999981,0,7,54,118,1261,179,1909
8253242879,4/26/16,Tue,4562,3.039999962,3.039999962,0,1.179999948,0.49000001,1.370000005,0,19,14,108,1299,141,1813
8253242879,4/27/16,Wed,10232,8.180000305,8.180000305,0,6.239999771,0.230000004,1.700000048,0,45,5,104,1286,154,2008
8253242879,4/28/16,Thu,2718,1.799999952,1.799999952,0,0.670000017,0.779999971,0.340000004,0,11,16,20,1393,47,1580
8253242879,4/29/16,Fri,6260,4.260000229,4.260000229,0,1.289999962,0.540000021,2.400000095,0,16,14,136,1257,166,1854
8253242879,4/30/16,Sat,0,0,0,0,0,0,0,0,0,0,0,1440,0,0
8378563200,4/12/16,Tue,7626,6.050000191,6.050000191,2.253081083,0.829999983,0.709999979,4.5,0,65,15,156,723,236,3635
8378563200,4/13/16,Wed,12386,9.819999695,9.819999695,2.092147112,4.960000038,0.649999976,4.210000038,0,116,14,169,680,299,4079
8378563200,4/14/16,Thu,13318,10.56000042,10.56000042,2.253081083,5.619999886,1.029999971,3.910000086,0,123,21,174,699,318,4163
8378563200,4/15/16,Fri,14461,11.47000027,11.47000027,0,4.909999847,1.149999976,5.409999847,0,60,23,190,729,273,3666
8378563200,4/16/16,Sat,11207,8.890000343,8.890000343,0,5.369999886,1.070000052,2.440000057,0,64,21,142,563,227,3363
8378563200,4/17/16,Sun,2132,1.690000057,1.690000057,0,0,0,1.690000057,0,0,0,93,599,93,2572
8378563200,4/18/16,Mon,13630,10.81000042,10.81000042,2.092147112,5.050000191,0.560000002,5.199999809,0,117,10,174,720,301,4157
8378563200,4/19/16,Tue,13070,10.35999966,10.35999966,2.253081083,5.300000191,0.879999995,4.179999828,0,120,19,154,737,293,4092
8378563200,4/20/16,Wed,9388,7.440000057,7.440000057,2.092147112,2.230000019,0.439999998,4.78000021,0,82,8,169,763,259,3787
8378563200,4/21/16,Thu,15148,12.01000023,12.01000023,2.253081083,6.900000095,0.819999993,4.289999962,0,137,16,145,677,298,4236
8378563200,4/22/16,Fri,12200,9.670000076,9.670000076,2.092147112,4.909999847,0.589999974,4.179999828,0,113,12,159,769,284,4044
8378563200,4/23/16,Sat,5709,4.53000021,4.53000021,0,1.519999981,0.519999981,2.480000019,0,19,10,136,740,165,2908
8378563200,4/24/16,Sun,3703,2.940000057,2.940000057,0,0,0,2.940000057,0,0,0,135,734,135,2741
8378563200,4/25/16,Mon,12405,9.840000153,9.840000153,2.092147112,5.050000191,0.870000005,3.920000076,0,117,16,141,692,274,4005
8378563200,4/26/16,Tue,16208,12.85000038,12.85000038,0,7.510000229,0.920000017,4.420000076,0,90,18,161,593,269,3763
8378563200,4/27/16,Wed,7359,5.840000153,5.840000153,0,0.330000013,0.180000007,5.329999924,0,4,4,192,676,200,3061
8378563200,4/28/16,Thu,5417,4.300000191,4.300000191,0,0.899999976,0.49000001,2.910000086,0,11,10,139,711,160,2884
8378563200,4/29/16,Fri,6175,4.900000095,4.900000095,0,0.25,0.360000014,4.269999981,0,3,7,172,767,182,2982
8378563200,4/30/16,Sat,2946,2.339999914,2.339999914,0,0,0,2.339999914,0,0,0,121,780,121,2660
8378563200,5/1/16,Sun,11419,9.06000042,9.06000042,0,6.03000021,0.560000002,2.470000029,0,71,10,127,669,208,3369
8378563200,5/2/16,Mon,6064,4.809999943,4.809999943,2.092147112,0.629999995,0.170000002,4.010000229,0,63,4,142,802,209,3491
8378563200,5/3/16,Tue,8712,6.909999847,6.909999847,2.253081083,1.340000033,1.059999943,4.5,0,71,20,195,822,286,3784
8378563200,5/4/16,Wed,7875,6.239999771,6.239999771,0,1.559999943,0.49000001,4.199999809,0,19,10,167,680,196,3110
8378563200,5/5/16,Thu,8567,6.789999962,6.789999962,2.253081083,0.889999986,0.159999996,5.739999771,0,66,3,214,764,283,3783
8378563200,5/6/16,Fri,7045,5.590000153,5.590000153,2.092147112,1.549999952,0.25,3.779999971,0,74,5,166,831,245,3644
8378563200,5/7/16,Sat,4468,3.539999962,3.539999962,0,0,0,3.539999962,0,0,0,158,851,158,2799
8378563200,5/8/16,Sun,2943,2.329999924,2.329999924,0,0,0,2.329999924,0,0,0,139,621,139,2685
8378563200,5/9/16,Mon,8382,6.650000095,6.650000095,2.092147112,1.269999981,0.660000026,4.71999979,0,71,13,171,772,255,3721
8378563200,5/10/16,Tue,6582,5.21999979,5.21999979,2.253081083,0.660000026,0.639999986,3.920000076,0,63,13,152,840,228,3586
8378563200,5/11/16,Wed,9143,7.25,7.25,2.092147112,1.389999986,0.589999974,5.269999981,0,72,10,184,763,266,3788
8378563200,5/12/16,Thu,4561,3.619999886,3.619999886,0,0.649999976,0.270000011,2.690000057,0,8,6,102,433,116,1976
8583815059,4/12/16,Tue,5014,3.910000086,3.910000086,0,0,0.330000013,3.579999924,0,0,7,196,1237,203,2650
8583815059,4/13/16,Wed,5571,4.349999905,4.349999905,0,0.150000006,0.970000029,3.230000019,0,2,23,163,1252,188,2654
8583815059,4/14/16,Thu,3135,2.450000048,2.450000048,0,0,0,2.430000067,0,0,0,134,1306,134,2443
8583815059,4/15/16,Fri,3430,2.680000067,2.680000067,0,0,0,0.899999976,0,0,0,65,1375,65,2505
8583815059,4/16/16,Sat,5319,4.150000095,4.150000095,0,0,0,0,0,0,0,0,1440,0,2693
8583815059,4/17/16,Sun,3008,2.349999905,2.349999905,0,0,0,0,0,0,0,0,1440,0,2439
8583815059,4/18/16,Mon,3864,3.00999999,3.00999999,0,0.310000002,1.059999943,1.350000024,0,4,22,105,1309,131,2536
8583815059,4/19/16,Tue,5697,4.440000057,4.440000057,0,0.529999971,0.479999989,3.440000057,0,7,10,166,1257,183,2668
8583815059,4/20/16,Wed,5273,4.110000134,4.110000134,0,0,1.039999962,3.069999933,0,0,27,167,1246,194,2647
8583815059,4/21/16,Thu,8538,6.659999847,6.659999847,0,2.630000114,1.019999981,3.00999999,0,35,18,158,1229,211,2883
8583815059,4/22/16,Fri,8687,6.78000021,6.78000021,0,0.289999992,2.410000086,4.079999924,0,4,54,212,1170,270,2944
8583815059,4/23/16,Sat,9423,7.349999905,7.349999905,0,0.529999971,2.029999971,4.75,0,7,44,238,1151,289,3012
8583815059,4/24/16,Sun,8286,6.460000038,6.460000038,0,0.150000006,2.049999952,4.269999981,0,2,44,206,1188,252,2889
8583815059,4/25/16,Mon,4503,3.50999999,3.50999999,0,1.470000029,0.239999995,1.809999943,0,18,6,122,1294,146,2547
8583815059,4/26/16,Tue,10499,8.18999958,8.18999958,0,0.07,4.21999979,3.890000105,0,1,91,214,1134,306,3093
8583815059,4/27/16,Wed,12474,9.729999542,9.729999542,0,6.599999905,0.270000011,2.869999886,0,77,5,129,1229,211,3142
8583815059,4/28/16,Thu,6174,4.820000172,4.820000172,0,0,1.200000048,3.609999895,0,0,28,203,1209,231,2757
8583815059,4/29/16,Fri,15168,11.82999992,11.82999992,0,3.900000095,3,4.920000076,0,46,67,258,1069,371,3513
8583815059,4/30/16,Sat,10085,7.869999886,7.869999886,0,0.150000006,1.279999971,6.429999828,0,2,28,317,1093,347,3164
8583815059,5/1/16,Sun,4512,3.519999981,3.519999981,0,0.779999971,0.119999997,2.039999962,0,10,2,117,1311,129,2596
8583815059,5/2/16,Mon,8469,6.610000134,6.610000134,0,0,0,0,0,0,0,0,1440,0,2894
8583815059,5/3/16,Tue,12015,9.369999886,9.369999886,0,0,0,0,0,0,0,0,1440,0,3212
8583815059,5/4/16,Wed,3588,2.799999952,2.799999952,0,0,0,0,0,0,0,0,1440,0,2516
8583815059,5/5/16,Thu,12427,9.68999958,9.68999958,0,0,0,1.179999948,0,0,0,70,1370,70,3266
8583815059,5/6/16,Fri,5843,4.559999943,4.559999943,0,0.140000001,1.190000057,3.230000019,0,2,22,166,1250,190,2683
8583815059,5/7/16,Sat,6117,4.769999981,4.769999981,0,0,0,4.769999981,0,0,0,250,1190,250,2810
8583815059,5/8/16,Sun,9217,7.190000057,7.190000057,0,0.219999999,3.309999943,3.660000086,0,3,72,182,1183,257,2940
8583815059,5/9/16,Mon,9877,7.699999809,7.699999809,0,5.760000229,0.170000002,1.730000019,0,66,4,110,1260,180,2947
8583815059,5/10/16,Tue,8240,6.429999828,6.429999828,0,0.689999998,2.00999999,3.720000029,0,9,43,162,1226,214,2846
8583815059,5/11/16,Wed,8701,6.789999962,6.789999962,0,0.370000005,3.24000001,3.170000076,0,5,71,177,1106,253,2804
8583815059,5/12/16,Thu,0,0,0,0,0,0,0,0,0,0,0,1440,0,0
8792009665,4/12/16,Tue,2564,1.639999986,1.639999986,0,0,0,1.639999986,0,0,0,116,831,116,2044
8792009665,4/13/16,Wed,1320,0.839999974,0.839999974,0,0,0,0.839999974,0,0,0,82,806,82,1934
8792009665,4/14/16,Thu,1219,0.779999971,0.779999971,0,0,0,0.779999971,0,0,0,84,853,84,1963
8792009665,4/15/16,Fri,2483,1.590000033,1.590000033,0,0,0,1.590000033,0,0,0,126,937,126,2009
8792009665,4/16/16,Sat,244,0.159999996,0.159999996,0,0,0,0.159999996,0,0,0,12,1428,12,1721
8792009665,4/17/16,Sun,0,0,0,0,0,0,0,0,0,0,0,1440,0,1688
8792009665,4/18/16,Mon,0,0,0,0,0,0,0,0,0,0,0,1440,0,1688
8792009665,4/19/16,Tue,0,0,0,0,0,0,0,0,0,0,0,1440,0,1688
8792009665,4/20/16,Wed,3147,2.00999999,2.00999999,0,0,0.280000001,1.74000001,0,0,10,139,744,149,2188
8792009665,4/21/16,Thu,144,0.090000004,0.090000004,0,0,0,0.090000004,0,0,0,9,1431,9,1720
8792009665,4/22/16,Fri,4068,2.599999905,2.599999905,0,0.050000001,0.280000001,2.269999981,0,1,20,195,817,216,2419
8792009665,4/23/16,Sat,5245,3.359999895,3.359999895,0,0.159999996,0.439999998,2.75,0,8,45,232,795,285,2748
8792009665,4/24/16,Sun,400,0.25999999,0.25999999,0,0.039999999,0.050000001,0.159999996,0,3,8,19,1410,30,1799
8792009665,4/25/16,Mon,0,0,0,0,0,0,0,0,0,0,0,1440,0,1688
8792009665,4/26/16,Tue,1321,0.850000024,0.850000024,0,0,0,0.850000024,0,0,0,80,1360,80,1928
8792009665,4/27/16,Wed,1758,1.129999995,1.129999995,0,0,0,1.129999995,0,0,0,112,900,112,2067
8792009665,4/28/16,Thu,6157,3.940000057,3.940000057,0,0,0,3.940000057,0,0,0,310,714,310,2780
8792009665,4/29/16,Fri,8360,5.349999905,5.349999905,0,0.140000001,0.280000001,4.929999828,0,6,14,380,634,400,3101
8792009665,4/30/16,Sat,7174,4.590000153,4.590000153,0,0.330000013,0.360000014,3.910000086,0,10,20,301,749,331,2896
8792009665,5/1/16,Sun,1619,1.039999962,1.039999962,0,0,0,1.039999962,0,0,0,79,834,79,1962
8792009665,5/2/16,Mon,1831,1.169999957,1.169999957,0,0,0,1.169999957,0,0,0,101,916,101,2015
8792009665,5/3/16,Tue,2421,1.549999952,1.549999952,0,0,0,1.549999952,0,0,0,156,739,156,2297
8792009665,5/4/16,Wed,2283,1.460000038,1.460000038,0,0,0,1.460000038,0,0,0,129,848,129,2067
8792009665,5/5/16,Thu,0,0,0,0,0,0,0,0,0,0,0,1440,0,1688
8792009665,5/6/16,Fri,0,0,0,0,0,0,0,0,0,0,0,1440,0,1688
8792009665,5/7/16,Sat,0,0,0,0,0,0,0,0,0,0,0,1440,0,1688
8792009665,5/8/16,Sun,0,0,0,0,0,0,0,0,0,0,0,1440,0,1688
8792009665,5/9/16,Mon,0,0,0,0,0,0,0,0,0,0,0,1440,0,1688
8792009665,5/10/16,Tue,0,0,0,0,0,0,0,0,0,0,0,48,0,57
8877689391,4/12/16,Tue,23186,20.39999962,20.39999962,0,12.22000027,0.340000004,7.820000172,0,85,7,312,1036,404,3921
8877689391,4/13/16,Wed,15337,9.579999924,9.579999924,0,3.549999952,0.379999995,5.639999866,0,108,18,216,1098,342,3566
8877689391,4/14/16,Thu,21129,18.97999954,18.97999954,0,10.55000019,0.589999974,7.75,0.02,68,13,298,1061,379,3793
8877689391,4/15/16,Fri,13422,7.170000076,7.170000076,0,0.050000001,0.050000001,7.010000229,0.01,106,1,281,1052,388,3934
8877689391,4/16/16,Sat,29326,25.29000092,25.29000092,0,13.23999977,1.210000038,10.71000004,0,94,29,429,888,552,4547
8877689391,4/17/16,Sun,15118,8.869999886,8.869999886,0,0,0.07,8.789999962,0,58,15,307,1060,380,3545
8877689391,4/18/16,Mon,11423,8.670000076,8.670000076,0,2.440000057,0.270000011,5.940000057,0,29,5,191,1215,225,2761
8877689391,4/19/16,Tue,18785,17.39999962,17.39999962,0,12.14999962,0.180000007,5.03000021,0,82,13,214,1131,309,3676
8877689391,4/20/16,Wed,19948,18.11000061,18.11000061,0,11.02000046,0.689999998,6.340000153,0,73,19,225,1123,317,3679
8877689391,4/21/16,Thu,19377,17.62000084,17.62000084,0,12.28999996,0.419999987,4.889999866,0,82,13,226,1119,321,3659
8877689391,4/22/16,Fri,18258,16.30999947,16.30999947,0,10.22999954,0.029999999,5.96999979,0.050000001,61,2,236,1141,299,3427
8877689391,4/23/16,Sat,11200,7.429999828,7.429999828,0,0,0,7.400000095,0.01,102,6,300,1032,408,3891
8877689391,4/24/16,Sun,16674,15.73999977,15.73999977,0,11.01000023,0.01,4.690000057,0,64,1,227,1148,292,3455
8877689391,4/25/16,Mon,12986,8.739999771,8.739999771,0,2.369999886,0.07,6.269999981,0.01,113,8,218,1101,339,3802
8877689391,4/26/16,Tue,11101,8.430000305,8.430000305,0,1.75999999,0.129999995,6.5,0,22,3,258,1157,283,2860
8877689391,4/27/16,Wed,23629,20.64999962,20.64999962,0,13.06999969,0.439999998,7.099999905,0,93,8,235,1104,336,3808
8877689391,4/28/16,Thu,14890,11.30000019,11.30000019,0,4.929999828,0.379999995,5.96999979,0,58,8,231,1143,297,3060
8877689391,4/29/16,Fri,9733,7.389999866,7.389999866,0,1.379999995,0.170000002,5.789999962,0,18,5,210,1207,233,2698
8877689391,4/30/16,Sat,27745,26.71999931,26.71999931,0,21.65999985,0.079999998,4.929999828,0,124,4,223,1089,351,4398
8877689391,5/1/16,Sun,10930,8.319999695,8.319999695,0,3.130000114,0.569999993,4.570000172,0,36,12,166,1226,214,2786
8877689391,5/2/16,Mon,4790,3.640000105,3.640000105,0,0,0,3.559999943,0,0,0,105,1335,105,2189
8877689391,5/3/16,Tue,10818,8.210000038,8.210000038,0,1.389999986,0.100000001,6.670000076,0.01,19,3,229,1189,251,2817
8877689391,5/4/16,Wed,18193,16.29999924,16.29999924,0,10.42000008,0.310000002,5.53000021,0,66,8,212,1154,286,3477
8877689391,5/5/16,Thu,14055,10.67000008,10.67000008,0,5.460000038,0.819999993,4.369999886,0,67,15,188,1170,270,3052
8877689391,5/6/16,Fri,21727,19.34000015,19.34000015,0,12.78999996,0.289999992,6.159999847,0,96,17,232,1095,345,4015
8877689391,5/7/16,Sat,12332,8.130000114,8.130000114,0,0.079999998,0.959999979,6.989999771,0,105,28,271,1036,404,4142
8877689391,5/8/16,Sun,10686,8.109999657,8.109999657,0,1.080000043,0.200000003,6.800000191,0,17,4,245,1174,266,2847
8877689391,5/9/16,Mon,20226,18.25,18.25,0,11.10000038,0.800000012,6.239999771,0.050000001,73,19,217,1131,309,3710
8877689391,5/10/16,Tue,10733,8.149999619,8.149999619,0,1.350000024,0.460000008,6.28000021,0,18,11,224,1187,253,2832
8877689391,5/11/16,Wed,21420,19.55999947,19.55999947,0,13.22000027,0.409999996,5.889999866,0,88,12,213,1127,313,3832
8877689391,5/12/16,Thu,8064,6.119999886,6.119999886,0,1.820000052,0.039999999,4.25,0,23,1,137,770,161,1849